instance_id,pose_label,left_finger_state_0,left_finger_state_1,left_finger_state_2,left_finger_state_3,left_finger_state_4,right_finger_state_0,right_finger_state_1,right_finger_state_2,right_finger_state_3,right_finger_state_4,motion_x_start,motion_y_start,motion_x_mid,motion_y_mid,motion_x_end,motion_y_end,main_axis_x,main_axis_y,delta_x,delta_y
1,rotate_down,0,0,0,0,0,1,1,0,0,0,0.6112204790115356,0.3142158389091491,0.5923567215601603,0.5077355106671652,0.5856245458126068,0.5759870409965515,0,1,0.0,0.2617712020874023
2,rotate_down,0,0,0,0,0,1,1,0,0,0,0.6059612333774567,0.3424174785614013,0.5966530442237854,0.4739350378513336,0.5892325341701508,0.55910924077034,0,1,0.0,0.2166917622089386
3,rotate_down,0,0,0,0,0,1,1,0,0,0,0.5994403064250946,0.359215572476387,0.5950330098470052,0.4780753254890442,0.594959944486618,0.568317323923111,0,1,0.0,0.2091017514467239
4,rotate_down,1,0,0,0,0,1,1,0,0,0,0.6047332286834717,0.3588662445545196,0.5995302200317383,0.4558674991130829,0.5956472456455231,0.5540235936641693,0,1,0.0,0.1951573491096496
5,rotate_down,1,0,0,0,0,1,1,0,0,0,0.6074051856994629,0.3633467108011246,0.5939969221750895,0.4913312097390492,0.5967095494270325,0.5447193682193756,0,1,0.0,0.181372657418251
6,rotate_down,0,0,0,0,0,1,1,0,0,0,0.5800971388816833,0.5176243185997009,0.5712242921193441,0.5991709033648173,0.5711989998817444,0.6324242651462555,0,1,0.0,0.1147999465465545
7,rotate_down,0,0,0,0,0,1,1,0,0,0,0.5752939283847809,0.5131301283836365,0.5687594215075175,0.5856633385022482,0.5707676410675049,0.6422736644744873,0,1,0.0,0.1291435360908508
8,rotate_down,0,0,0,0,0,1,1,0,0,0,0.5826161801815033,0.5076070129871368,0.5678165952364603,0.577426016330719,0.563836395740509,0.6543020009994507,0,1,0.0,0.1466949880123138
9,rotate_down,0,0,0,0,0,1,1,0,0,0,0.5800564885139465,0.5113493800163269,0.5717853109041849,0.5661991834640503,0.5630371868610382,0.6518748104572296,0,1,0.0,0.1405254304409027
10,rotate_down,0,0,0,0,0,1,1,0,0,0,0.5811365842819214,0.5114430785179138,0.5693127910296122,0.6011021534601847,0.5682235360145569,0.6338360011577606,0,1,0.0,0.1223929226398468
11,rotate_down,1,0,0,0,0,1,1,0,0,0,0.3199791461229324,0.4624173939228058,0.3108762701352437,0.5606380701065063,0.3101502805948257,0.6028077304363251,0,1,0.0,0.1403903365135193
12,rotate_down,1,0,0,0,0,1,1,0,0,0,0.3253873437643051,0.4581134915351867,0.3180197179317474,0.5119789938131968,0.3119739145040512,0.5908211469650269,0,1,0.0,0.1327076554298401
13,rotate_down,1,0,0,0,0,1,1,0,0,0,0.3264764845371246,0.4583634585142135,0.3192051947116852,0.5205972592035929,0.3153618723154068,0.5920438766479492,0,1,0.0,0.1336804181337356
14,rotate_down,0,0,0,0,0,1,1,0,0,0,0.32511967420578,0.4404986053705215,0.3079376916090647,0.5452404419581095,0.300501674413681,0.6016687154769897,0,1,0.0,0.1611701101064682
15,rotate_down,0,0,0,0,0,1,1,0,0,0,0.3155860155820846,0.4426499158143997,0.3027361730734507,0.5049285590648651,0.2783964425325393,0.6061479449272156,0,1,0.0,0.1634980291128158
16,rotate_down,0,0,0,0,0,1,1,0,0,0,0.8908926248550415,0.4354504644870758,0.871641218662262,0.5364624261856079,0.8604283928871155,0.6002204418182373,0,1,0.0,0.1647699773311615
17,rotate_down,1,0,0,0,0,1,1,0,0,0,0.8798699975013733,0.4193243384361267,0.8780637383460999,0.5109646717707316,0.8605023622512817,0.5939459502696991,0,1,0.0,0.1746216118335724
18,rotate_down,0,0,0,0,0,1,1,0,0,0,0.8515885472297668,0.4104603976011276,0.8425180117289225,0.5214592615763346,0.83571657538414,0.5908048450946808,0,1,0.0,0.1803444474935531
19,rotate_down,0,0,0,0,0,1,1,0,0,0,0.8513851761817932,0.4037653356790542,0.8444015582402548,0.5000529785950979,0.8364513516426086,0.5851087272167206,0,1,0.0,0.1813433915376663
20,rotate_down,0,0,0,0,0,1,1,0,0,0,0.8485991954803467,0.3900652527809143,0.829329232374827,0.53936767578125,0.8266260325908661,0.5863637924194336,0,1,0.0,0.1962985396385193
21,rotate_down,1,0,0,0,0,1,1,0,0,0,0.6452725231647491,0.3410727679729461,0.6302816073099772,0.4629790584246318,0.6044821739196777,0.569004625082016,0,1,0.0,0.2279318571090698
22,rotate_down,0,0,0,0,0,1,1,0,0,0,0.6400144994258881,0.3113299459218979,0.6276041467984518,0.4580414891242981,0.6121867001056671,0.5807845294475555,0,1,0.0,0.2694545835256576
23,rotate_down,0,0,0,0,0,1,1,0,0,0,0.6314835548400879,0.3259675204753876,0.6129835446675619,0.4650407135486603,0.6037532091140747,0.537330687046051,0,1,0.0,0.2113631665706634
24,rotate_down,0,0,0,0,0,1,1,0,0,0,0.6355356872081757,0.3282356411218643,0.6175522406895956,0.4684827923774719,0.5981187522411346,0.5718842148780823,0,1,0.0,0.2436485737562179
25,rotate_down,0,0,0,0,0,1,1,0,0,0,0.6299901902675629,0.3268288224935531,0.6096577644348145,0.4832541048526764,0.5972835123538971,0.5861501395702362,0,1,0.0,0.259321317076683
26,rotate_down,1,0,0,0,0,1,1,0,0,0,0.6206807792186737,0.5046336948871613,0.6223135789235433,0.5932873090108236,0.6223938763141632,0.7137986719608307,0,1,0.0,0.2091649770736694
27,rotate_down,0,0,0,0,0,1,1,0,0,0,0.6268112063407898,0.3865449577569961,0.6289054155349731,0.427324116230011,0.615469753742218,0.6793905794620514,0,1,0.0,0.2928456217050552
28,rotate_down,0,0,0,0,0,1,1,0,0,0,0.6239805519580841,0.3722651302814483,0.6202168663342794,0.4096655547618866,0.6164199411869049,0.6992504000663757,0,1,0.0,0.3269852697849273
29,rotate_down,0,0,0,0,0,1,1,0,0,0,0.6230436265468597,0.358715683221817,0.6270739237467448,0.4899102946122487,0.6211665272712708,0.7144860625267029,0,1,0.0,0.3557703793048858
30,rotate_down,0,0,0,0,0,1,1,0,0,0,0.6174010336399078,0.3407329022884369,0.6229650179545084,0.3835759262243907,0.6122227609157562,0.6715176701545715,0,1,0.0,0.3307847678661346
31,rotate_down,0,0,0,0,0,1,1,0,0,0,0.5577244460582733,0.5879853069782257,0.555710236231486,0.582072893778483,0.5525175631046295,0.572575718164444,0,1,0.0,-0.0154095888137817
32,rotate_down,0,0,0,0,0,1,1,0,0,0,0.5422807931900024,0.7301994860172272,0.5410391887029012,0.7252288659413656,0.5413942337036133,0.7223923802375793,0,1,0.0,-0.0078071057796478
33,rotate_down,0,0,0,0,0,1,1,0,0,0,0.5699241459369659,0.5555963814258575,0.5692987243334452,0.6505228281021118,0.5654040277004242,0.7034282088279724,0,1,0.0,0.1478318274021148
34,rotate_down,0,0,0,0,0,1,1,0,0,0,0.560126930475235,0.5012374818325043,0.5622854431470236,0.558108409245809,0.5571936964988708,0.63930743932724,0,1,0.0,0.1380699574947357
35,rotate_down,0,0,0,0,0,1,1,0,0,0,0.5590938925743103,0.5447980761528015,0.559751053651174,0.6324455936749777,0.5576314926147461,0.6483378410339355,0,1,0.0,0.103539764881134
36,rotate_down,0,0,0,0,0,1,1,0,0,0,0.5558714866638184,0.4959622770547867,0.5550631284713745,0.4964520533879598,0.5538938641548157,0.495336964726448,1,0,-0.0019776225090026,0.0
37,rotate_down,0,0,0,0,0,1,1,0,0,0,0.3541516065597534,0.5475843846797943,0.3585106134414673,0.5792986353238424,0.3576996326446533,0.6764799356460571,0,1,0.0,0.1288955509662628
38,rotate_down,0,0,0,0,0,1,1,0,0,0,0.3667360097169876,0.5044196546077728,0.3617402215798695,0.5490157008171082,0.3407821208238601,0.6804482638835907,0,1,0.0,0.1760286092758178
39,rotate_down,0,0,0,0,0,1,1,0,0,0,0.3640530705451965,0.484144926071167,0.3519085745016734,0.631874163945516,0.3354940116405487,0.6828407347202301,0,1,0.0,0.1986958086490631
40,rotate_down,0,0,0,0,0,1,1,0,0,0,0.3623693436384201,0.482379287481308,0.3586640357971191,0.5607263445854187,0.3369716703891754,0.7160616517066956,0,1,0.0,0.2336823642253875
41,rotate_down,0,0,0,0,0,1,1,0,0,0,0.3636770099401474,0.4773991554975509,0.3660354316234588,0.5963683724403381,0.3452029675245285,0.7010629177093506,0,1,0.0,0.2236637622117996
42,rotate_down,0,0,0,0,0,1,1,0,0,0,0.8034887909889221,0.5131376087665558,0.8081902265548706,0.6101283033688863,0.8029240071773529,0.6940433382987976,0,1,0.0,0.1809057295322418
43,rotate_down,0,0,0,0,0,1,1,0,0,0,0.8114850223064423,0.4624974429607391,0.8164047797520956,0.5047668615976969,0.8163855671882629,0.6715987324714661,0,1,0.0,0.2091012895107269
44,rotate_down,0,0,0,0,0,1,1,0,0,0,0.7982227802276611,0.4470168352127075,0.7947196761767069,0.4408189952373504,0.804401159286499,0.4785788208246231,0,1,0.0,0.0315619856119155
45,rotate_down,0,0,0,0,0,1,1,0,0,0,0.8583986759185791,0.5108352303504944,0.8586415847142538,0.5657090743382772,0.8438014090061188,0.682467132806778,0,1,0.0,0.1716319024562835
46,rotate_down,0,0,0,0,0,1,1,0,0,0,0.8318709433078766,0.4728728383779526,0.8377250035603842,0.5048890113830566,0.8383075296878815,0.6801588833332062,0,1,0.0,0.2072860449552536
47,rotate_down,0,0,0,0,0,1,1,0,0,0,0.6419581770896912,0.3733084499835968,0.644315501054128,0.374647965033849,0.6494278609752655,0.3789045959711075,1,0,0.0074696838855743,0.0
48,rotate_down,0,0,0,0,0,1,1,0,0,0,0.6540181636810303,0.5577061772346497,0.6475720802942911,0.4919800460338592,0.6346810758113861,0.7156947553157806,0,1,0.0,0.1579885780811309
49,rotate_down,0,0,0,0,0,1,1,0,0,0,0.7281797528266907,0.4213615506887436,0.7274998625119528,0.4197899003823598,0.725677877664566,0.4785426259040832,0,1,0.0,0.0571810752153396
50,rotate_down,0,0,0,0,0,1,1,0,0,0,0.7080273032188416,0.3760673850774765,0.7065159678459167,0.373987078666687,0.7054676711559296,0.4016090035438537,0,1,0.0,0.0255416184663772
51,rotate_down,0,0,0,0,0,1,1,0,0,0,0.6948777139186859,0.3658229410648346,0.6941810250282288,0.3651184539000193,0.6922634840011597,0.3679584413766861,1,0,-0.0026142299175262,0.0
52,rotate_down,0,0,0,0,0,1,1,0,0,0,0.6900201737880707,0.4051830321550369,0.6730057597160339,0.6023565332094828,0.4816768020391464,0.6135337054729462,0,1,0.0,0.2083506733179092
53,rotate_down,1,0,0,0,0,1,1,0,0,0,0.7103340029716492,0.2678879648447037,0.7008469303448995,0.4103327790896098,0.6922000646591187,0.5748279392719269,0,1,0.0,0.3069399744272232
54,rotate_down,0,0,0,0,0,1,1,0,0,0,0.703452467918396,0.2252776995301246,0.6968593001365662,0.5104820529619852,0.6941348612308502,0.5692046880722046,0,1,0.0,0.3439269885420799
55,rotate_down,1,0,0,0,0,1,1,0,0,0,0.7041001617908478,0.2286876440048217,0.695035437742869,0.4176365435123443,0.689372718334198,0.5728951096534729,0,1,0.0,0.3442074656486511
56,rotate_down,0,0,0,0,0,1,1,0,0,0,0.6965482532978058,0.2344052568078041,0.6871907909711202,0.3507072329521179,0.6882090866565704,0.5545595288276672,0,1,0.0,0.3201542720198631
57,rotate_down,0,0,0,0,0,1,1,0,0,0,0.6911722421646118,0.3132496327161789,0.6939921776453654,0.3980940381685893,0.6839867830276489,0.6233462691307068,0,1,0.0,0.3100966364145279
58,rotate_down,1,0,0,0,0,1,1,0,0,0,0.5898413956165314,0.4777795970439911,0.580074687798818,0.5207194288571676,0.5801000893115997,0.6358254849910736,0,1,0.0,0.1580458879470825
59,rotate_down,1,0,0,0,0,1,1,0,0,0,0.5872266590595245,0.4821401983499527,0.5860236684481303,0.5243583917617798,0.5848025381565094,0.6382125616073608,0,1,0.0,0.1560723632574081
60,rotate_down,1,0,0,0,0,1,1,0,0,0,0.5870223343372345,0.4913415908813476,0.5857677658398946,0.5287887255350748,0.5834372341632843,0.6499002873897552,0,1,0.0,0.1585586965084076
61,rotate_down,1,0,0,0,0,1,1,0,0,0,0.5871211588382721,0.4965756237506866,0.587481419245402,0.5276631712913513,0.5829383730888367,0.6477266848087311,0,1,0.0,0.1511510610580444
62,rotate_down,1,0,0,0,0,1,1,0,0,0,0.5899769961833954,0.4845176339149475,0.5851357579231262,0.5880379478136698,0.5863848626613617,0.6466194689273834,0,1,0.0,0.1621018350124359
63,rotate_down,1,0,0,0,0,1,1,0,0,0,0.2813639491796493,0.5000809729099274,0.2670105298360188,0.5719034075737,0.2713107764720917,0.6355805695056915,0,1,0.0,0.1354995965957641
64,rotate_down,1,0,0,0,0,1,1,0,0,0,0.2771503180265426,0.4977467209100723,0.2692717214425404,0.5985114971796671,0.2697712481021881,0.6237438321113586,0,1,0.0,0.1259971112012863
65,rotate_down,1,0,0,0,0,1,1,0,0,0,0.278932973742485,0.5085762143135071,0.2750435372193654,0.5874064962069193,0.2747680246829986,0.6517727971076965,0,1,0.0,0.1431965827941894
66,rotate_down,1,0,0,0,0,1,1,0,0,0,0.2814560085535049,0.5110351145267487,0.2744623919328053,0.6147441864013672,0.2716451585292816,0.6507179737091064,0,1,0.0,0.1396828591823578
67,rotate_down,0,0,0,0,0,1,1,0,0,0,0.2775165885686874,0.5057013034820557,0.2738294800122579,0.5882651408513387,0.2666314095258713,0.6559852063655853,0,1,0.0,0.1502839028835296
68,rotate_down,1,0,0,0,0,1,1,0,0,0,0.8783045709133148,0.494765967130661,0.8736944198608398,0.5320014953613281,0.8791769742965698,0.6382647752761841,0,1,0.0,0.143498808145523
69,rotate_down,1,0,0,0,0,1,1,0,0,0,0.8804914653301239,0.5073274970054626,0.8813470999399821,0.5792803963025411,0.8845688700675964,0.6266560554504395,0,1,0.0,0.1193285584449768
70,rotate_down,0,0,0,0,0,1,1,0,0,0,0.87920743227005,0.502963662147522,0.8820738196372986,0.5778238375981649,0.8825018107891083,0.6498308181762695,0,1,0.0,0.1468671560287475
71,rotate_down,0,0,0,0,0,1,1,0,0,0,0.879393607378006,0.5083760917186737,0.8757317860921224,0.573607325553894,0.8790137767791748,0.6395831108093262,0,1,0.0,0.1312070190906524
72,rotate_down,1,0,0,0,0,1,1,0,0,0,0.8767691552639008,0.5096206963062286,0.8765349388122559,0.576944092909495,0.8769119083881378,0.6226428151130676,0,1,0.0,0.1130221188068389
73,rotate_down,0,0,0,0,0,1,1,0,0,0,0.644734799861908,0.4017477929592132,0.6332635283470154,0.477749506632487,0.5051427781581879,0.5398233085870743,1,0,-0.1395920217037201,0.0
74,rotate_down,1,0,0,0,0,1,1,0,0,0,0.6531631648540497,0.3993377685546875,0.6414310733477274,0.5499189893404642,0.5078434497117996,0.5173866301774979,1,0,-0.14531971514225,0.0
75,rotate_down,1,0,0,0,0,1,1,0,0,0,0.6496216654777527,0.3897914290428161,0.6423961321512858,0.4824525117874145,0.647272527217865,0.5786752998828888,0,1,0.0,0.1888838708400726
76,rotate_down,1,0,0,0,0,1,1,0,0,0,0.6487306356430054,0.4001809805631637,0.6443508267402649,0.4801895519097646,0.5078453570604324,0.512673020362854,1,0,-0.1408852785825729,0.0
77,rotate_down,0,0,0,0,0,1,1,0,0,0,0.6485278904438019,0.3417959958314895,0.647615651289622,0.520193467537562,0.6468009352684021,0.5653340816497803,0,1,0.0,0.2235380858182907
78,rotate_down,1,0,0,0,0,1,1,0,0,1,0.6584540009498596,0.1913649663329124,0.6485852400461832,0.4301548302173614,0.6517587304115295,0.4101873338222503,0,1,0.0,0.2188223674893379
79,rotate_down,1,0,0,0,0,1,1,1,0,0,0.6408944725990295,0.13738464564085,0.6358362237612406,0.3010214865207672,0.6339379251003265,0.412225142121315,0,1,0.0,0.2748404964804649
80,rotate_down,1,0,0,0,0,1,1,0,0,0,0.6344248950481415,0.2048209607601165,0.6254281798998514,0.3576380312442779,0.6239412724971771,0.4175540506839752,0,1,0.0,0.2127330899238586
81,rotate_down,0,0,0,0,0,1,1,0,0,0,0.6276640892028809,0.2061493247747421,0.6150922775268555,0.3982721070448557,0.6152084767818451,0.4239566624164581,0,1,0.0,0.217807337641716
82,rotate_down,0,0,0,0,0,1,1,0,0,0,0.6181600093841553,0.1953763663768768,0.6099408070246378,0.3612216810385386,0.6056191325187683,0.4266573041677475,0,1,0.0,0.2312809377908706
83,rotate_down,1,0,0,0,0,1,1,0,0,0,0.5413834750652313,0.4266022443771362,0.5416801571846008,0.4307338098684947,0.5412619113922119,0.4321854412555694,0,1,0.0,0.0055831968784332
84,rotate_down,1,1,0,0,0,1,1,0,0,0,0.5547434687614441,0.4475775808095932,0.5534002582232157,0.449463814496994,0.5505549907684326,0.4811908602714538,0,1,0.0,0.0336132794618606
85,rotate_down,0,0,0,0,0,1,1,0,0,0,0.5472970008850098,0.4264440387487411,0.5455625454584757,0.4358407258987427,0.5411829650402069,0.4899025857448578,0,1,0.0,0.0634585469961166
86,rotate_down,0,0,0,0,0,1,1,0,0,0,0.544067770242691,0.5119057297706604,0.545724630355835,0.518293539683024,0.5451263189315796,0.5141231417655945,0,1,0.0,0.002217411994934
87,rotate_down,0,0,0,0,0,1,1,0,0,0,0.5446658730506897,0.4032700806856155,0.537251611550649,0.4812570512294769,0.5399633347988129,0.5169957280158997,0,1,0.0,0.1137256473302841
88,rotate_down,0,0,0,0,0,1,1,0,0,0,0.5424526333808899,0.5149877965450287,0.538239598274231,0.5079554915428162,0.5426498353481293,0.5062694549560547,0,1,0.0,-0.0087183415889739
89,rotate_down,0,0,0,0,0,1,1,0,0,0,0.5395615100860596,0.5106938481330872,0.5389270583788554,0.510719875494639,0.5481855869293213,0.5270251631736755,0,1,0.0,0.0163313150405883
90,rotate_down,0,0,0,0,0,1,1,0,0,0,0.3257998824119568,0.3283713459968567,0.3149446845054626,0.4054817756017049,0.3103740662336349,0.4741150438785553,0,1,0.0,0.1457436978816986
91,rotate_down,0,0,0,0,0,1,1,0,0,0,0.3210377246141433,0.2977546006441116,0.3043584823608398,0.4315570493539174,0.3039350807666778,0.4777582585811615,0,1,0.0,0.1800036579370498
92,rotate_down,1,0,0,0,0,1,1,0,0,0,0.3141414374113083,0.2855950146913528,0.308649867773056,0.4205544690291087,0.3036949634552002,0.469350203871727,0,1,0.0,0.1837551891803741
93,rotate_down,1,0,0,0,0,1,1,0,0,0,0.305682048201561,0.2872213572263717,0.3019086023171742,0.4174848397572835,0.2976559549570083,0.4649018496274948,0,1,0.0,0.177680492401123
94,rotate_down,0,0,0,0,0,1,1,0,0,0,0.8387592136859894,0.2666563838720321,0.842358926932017,0.3929767807324727,0.8411090075969696,0.4639064371585846,0,1,0.0,0.1972500532865524
95,rotate_down,0,0,0,0,0,1,1,0,0,0,0.8371487259864807,0.2738239467144012,0.8400877118110657,0.392208715279897,0.835244745016098,0.463899552822113,0,1,0.0,0.1900756061077118
96,rotate_down,0,0,0,0,0,1,1,0,0,0,0.8287403285503387,0.2807251662015915,0.8393321832021078,0.3913175165653229,0.8339901268482208,0.4697630405426025,0,1,0.0,0.189037874341011
97,rotate_down,1,0,0,0,0,1,1,0,0,0,0.8301687836647034,0.2635533213615417,0.8293130795160929,0.3936525285243988,0.834891676902771,0.4636538028717041,0,1,0.0,0.2001004815101623
98,rotate_down,0,0,0,0,0,1,1,0,0,0,0.8400869965553284,0.2689962685108185,0.8369355797767639,0.431927482287089,0.8347645103931427,0.4529371708631515,0,1,0.0,0.183940902352333
99,rotate_down,1,0,0,0,0,1,1,0,0,0,0.6182427406311035,0.2864179760217666,0.606201966603597,0.3687672217686971,0.6020838916301727,0.4150996953248977,0,1,0.0,0.1286817193031311
100,rotate_down,0,0,0,0,0,1,1,0,0,0,0.6192779839038849,0.1552353426814079,0.6016315221786499,0.3523110846678416,0.6047537326812744,0.4009023010730743,0,1,0.0,0.2456669583916664
101,rotate_down,0,0,0,0,0,1,1,0,0,0,0.6130727827548981,0.143285796046257,0.6069889863332113,0.3188655277093251,0.6045370995998383,0.3802777677774429,0,1,0.0,0.2369919717311859
102,rotate_down,0,0,0,0,1,1,1,0,0,0,0.6081301271915436,0.1541443765163421,0.5963587164878845,0.3055258393287658,0.5927525460720062,0.4074940681457519,0,1,0.0,0.2533496916294098
103,rotate_down,1,0,0,0,0,1,1,0,0,0,0.5978067219257355,0.1547445282340049,0.5967274705568949,0.3275640209515889,0.5944557785987854,0.4002076089382171,0,1,0.0,0.2454630807042122
104,rotate_down,0,0,0,0,0,1,0,0,0,0,0.5823655128479004,0.8533973693847656,0.6864075660705566,0.9077041745185852,0.6804934144020081,0.880823403596878,1,0,0.0981279015541076,0.0
105,rotate_down,1,0,0,0,0,1,1,1,1,1,0.638413816690445,0.4303739666938782,0.6377110282580057,0.4273989101250966,0.6311010122299194,0.68414705991745,0,1,0.0,0.2537730932235718
106,rotate_down,0,0,0,0,0,1,1,0,0,0,0.6381232738494873,0.4463147222995758,0.6378123958905538,0.4454061985015869,0.6350668966770172,0.6932580173015594,0,1,0.0,0.2469432950019836
107,rotate_down,0,0,0,0,0,1,1,1,1,1,0.6316818594932556,0.5045805722475052,0.6225488781929016,0.4009728729724884,0.6321543753147125,0.6584868729114532,0,1,0.0,0.153906300663948
108,rotate_down,1,0,0,0,0,1,1,0,0,0,0.6311294138431549,0.4243746101856231,0.6339413921038309,0.4187136193116506,0.6450793743133545,0.758994072675705,0,1,0.0,0.3346194624900818
109,rotate_down,1,0,0,0,0,1,1,0,0,0,0.5685390532016754,0.5781990587711334,0.5674167474110922,0.5976907014846802,0.5618637800216675,0.7399129569530487,0,1,0.0,0.1617138981819152
110,rotate_down,1,0,0,0,0,1,1,0,0,0,0.5625419318675995,0.5505253672599792,0.562586784362793,0.552155057589213,0.5659776329994202,0.6394698619842529,0,1,0.0,0.0889444947242736
111,rotate_down,0,0,0,0,0,1,1,0,0,0,0.5568406879901886,0.5347585082054138,0.5546690225601196,0.7117440501848856,0.5568220317363739,0.7136639654636383,0,1,0.0,0.1789054572582245
112,rotate_down,0,0,0,0,0,1,1,0,0,0,0.5575644075870514,0.5260714888572693,0.561085065205892,0.6028766830762228,0.5554911494255066,0.677286684513092,0,1,0.0,0.1512151956558227
113,rotate_down,0,0,0,0,0,1,1,0,0,0,0.6140205264091492,0.6340818703174591,0.595922589302063,0.5301243265469869,0.6018207669258118,0.6682336330413818,0,1,0.0,0.0341517627239227
114,rotate_down,0,0,0,0,0,1,1,0,0,0,0.598968893289566,0.5490691661834717,0.6015672087669373,0.5623350938161215,0.6086865365505219,0.6974133551120758,0,1,0.0,0.1483441889286041
115,rotate_down,0,0,0,0,0,1,1,0,0,0,0.5927644073963165,0.5013419687747955,0.5943631331125895,0.5150888363520304,0.6258285641670227,0.5296964049339294,1,0,0.0330641567707061,0.0
116,rotate_down,0,0,0,0,0,1,1,0,0,0,0.7927590906620026,0.5224083960056305,0.7976393699645996,0.6328469514846802,0.7984018623828888,0.6970467269420624,0,1,0.0,0.1746383309364318
117,rotate_down,0,0,0,0,0,1,1,0,0,0,0.790174275636673,0.5033482611179352,0.788284440835317,0.5850409666697184,0.7890447974205017,0.7311899065971375,0,1,0.0,0.2278416454792022
118,rotate_down,0,0,0,0,0,1,1,0,0,0,0.7769348919391632,0.4964414238929748,0.7795045177141825,0.5749619007110596,0.7910959422588348,0.7223831415176392,0,1,0.0,0.2259417176246643
119,rotate_down,0,0,0,0,0,1,1,0,0,0,0.7800330817699432,0.482556939125061,0.7789560556411743,0.4842104613780975,0.7894754707813263,0.5926610231399536,0,1,0.0,0.1101040840148925
120,rotate_down,0,0,0,0,0,1,1,1,0,0,0.7746142745018005,0.5064272433519363,0.7724948326746622,0.4953588346640269,0.7765526473522186,0.5275372564792633,0,1,0.0,0.0211100131273269
121,rotate_down,0,0,0,0,0,1,1,0,0,0,0.3359752893447876,0.5343175232410431,0.3113056619962056,0.6969093481699625,0.3087451606988907,0.7060135900974274,0,1,0.0,0.1716960668563842
122,rotate_down,0,0,0,0,0,1,1,0,0,0,0.3260361552238464,0.5123827457427979,0.3282566467920939,0.5149367849032084,0.327539250254631,0.5319059193134308,0,1,0.0,0.0195231735706329
123,rotate_down,0,0,0,0,0,1,1,0,0,0,0.3818151354789734,0.5409492552280426,0.3678082227706909,0.6047248045603434,0.3488368391990661,0.7207401096820831,0,1,0.0,0.1797908544540405
124,rotate_down,0,0,0,0,0,1,1,0,0,0,0.359529361128807,0.5229671895503998,0.3590747912724812,0.5215060909589132,0.352741539478302,0.5751533508300781,0,1,0.0,0.0521861612796783
125,rotate_down,0,0,0,0,0,1,1,0,0,0,0.3798971474170685,0.5591165721416473,0.3737978637218475,0.602349599202474,0.3589212596416473,0.7146021723747253,0,1,0.0,0.155485600233078
126,rotate_down,0,0,0,0,0,1,1,0,0,0,0.3788986504077911,0.5329440534114838,0.3750676214694977,0.5358550548553467,0.3702176064252853,0.5549629330635071,0,1,0.0,0.0220188796520233
127,rotate_down,0,0,0,0,0,1,1,0,0,0,0.3815055936574936,0.5194889903068542,0.3842967053254445,0.6167998512585958,0.3816036880016327,0.7373373508453369,0,1,0.0,0.2178483605384826
128,rotate_down,0,0,0,0,0,1,1,0,0,0,0.3887625485658645,0.5000229030847549,0.3915175596872965,0.6384676098823547,0.3819474279880523,0.7270470559597015,0,1,0.0,0.2270241528749466
129,rotate_down,0,0,0,0,0,1,1,0,0,0,0.6819627583026886,0.5080994367599487,0.6890255610148112,0.710129976272583,0.7072205245494843,0.7339604198932648,0,1,0.0,0.225860983133316
130,rotate_down,0,0,0,0,0,1,1,0,0,0,0.6925990283489227,0.4780461937189102,0.7015288472175598,0.5747594038645426,0.7059499323368073,0.7488136887550354,0,1,0.0,0.2707674950361252
131,rotate_down,1,0,0,0,0,1,1,0,0,0,0.696384459733963,0.4466476887464523,0.6962472796440125,0.6072152654329935,0.6976229846477509,0.7445203363895416,0,1,0.0,0.2978726476430893
132,rotate_down,0,0,0,0,0,1,1,0,0,0,0.694269210100174,0.461535781621933,0.6892324090003967,0.5750179489453634,0.696991890668869,0.7536177039146423,0,1,0.0,0.2920819222927093
133,rotate_down,1,0,0,0,0,1,1,0,0,0,0.6824741661548615,0.4481179267168045,0.6786505182584127,0.4492713312307994,0.6734747588634491,0.4982143938541412,0,1,0.0,0.0500964671373367
134,rotate_down,0,0,0,0,0,1,1,0,0,0,0.7008655369281769,0.5809380114078522,0.6951168775558472,0.474127064148585,0.7074137330055237,0.7298058867454529,0,1,0.0,0.1488678753376007
135,rotate_down,0,0,0,0,0,1,1,1,0,0,0.6502257585525513,0.5224122703075409,0.6307276487350464,0.5054617325464884,0.5733731091022491,0.527897447347641,1,0,-0.0768526494503021,0.0
136,rotate_down,0,0,0,0,0,1,1,0,0,0,0.6506732106208801,0.2868834882974624,0.6390782395998637,0.5178684592247009,0.6449707746505737,0.6209923028945923,0,1,0.0,0.3341088145971298
137,rotate_down,0,0,0,0,0,1,1,0,0,0,0.6495411694049835,0.2977291643619537,0.6477285027503967,0.4892337322235107,0.6424444019794464,0.620985358953476,0,1,0.0,0.3232561945915222
138,rotate_down,1,0,0,0,0,1,1,0,0,0,0.6566979885101318,0.2971038818359375,0.6610158284505209,0.4614119529724121,0.6391224265098572,0.6237181723117828,0,1,0.0,0.3266142904758453
139,rotate_down,1,0,0,0,0,1,1,0,0,0,0.659460574388504,0.3100349754095077,0.6510645548502604,0.3620229462782542,0.6252210140228271,0.6039454936981201,0,1,0.0,0.2939105182886123
140,rotate_down,0,0,0,0,0,1,1,0,0,0,0.6594308018684387,0.329504132270813,0.6518608132998148,0.3997144202391307,0.6336542069911957,0.6440243422985077,0,1,0.0,0.3145202100276947
141,rotate_down,0,0,0,0,0,1,1,0,0,0,0.5619852244853973,0.4899879097938537,0.557022750377655,0.5584221283594767,0.5496203005313873,0.6612853705883026,0,1,0.0,0.1712974607944488
142,rotate_down,0,0,0,0,0,1,1,0,0,0,0.5621604919433594,0.47520612180233,0.5612044334411621,0.5758587519327799,0.5554415881633759,0.6578673720359802,0,1,0.0,0.1826612502336502
143,rotate_down,1,0,0,0,0,1,1,0,0,0,0.5593580901622772,0.4796712100505829,0.556643565495809,0.5709121823310852,0.5571871101856232,0.6562332510948181,0,1,0.0,0.1765620410442352
144,rotate_down,0,0,0,0,0,1,1,0,0,0,0.5636204183101654,0.4701733142137527,0.554455041885376,0.542047361532847,0.5485352277755737,0.6573492288589478,0,1,0.0,0.187175914645195
145,rotate_down,1,0,0,0,0,1,1,0,0,0,0.5536051392555237,0.4779198765754699,0.5503726601600647,0.5643433332443237,0.547415167093277,0.6608017683029175,0,1,0.0,0.1828818917274475
146,rotate_down,1,0,0,0,0,1,1,1,1,1,0.2963186800479889,0.5534151196479797,0.2918508946895599,0.5426233609517416,0.2549419105052948,0.6853645145893097,0,1,0.0,0.1319493949413299
147,rotate_down,1,0,0,0,0,1,1,0,0,0,0.3034379035234451,0.4385518282651901,0.2799985508124034,0.5813067952791849,0.2539718002080917,0.6755840182304382,0,1,0.0,0.2370321899652481
148,rotate_down,1,0,0,0,0,1,1,0,0,0,0.2896305024623871,0.4516663551330566,0.2811656892299652,0.5502798358599345,0.2505479604005813,0.6716704070568085,0,1,0.0,0.2200040519237518
149,rotate_down,1,0,0,0,0,1,1,0,0,0,0.2908273935317993,0.4421478658914566,0.2743781109650929,0.552704652150472,0.2419664487242698,0.6823649406433105,0,1,0.0,0.2402170747518539
150,rotate_down,1,0,0,0,0,1,1,0,0,0,0.288649171590805,0.4487219899892807,0.2690158188343048,0.5856329401334127,0.2400825917720794,0.6760980784893036,0,1,0.0,0.2273760885000229
151,rotate_down,0,0,0,0,0,1,1,0,0,0,0.8928659856319427,0.4349275827407837,0.8847063581148783,0.5488723516464233,0.8758957982063293,0.6442555785179138,0,1,0.0,0.2093279957771301
152,rotate_down,0,0,0,0,0,1,1,0,0,0,0.8863970637321472,0.4170408248901367,0.8840878208478292,0.5744318167368571,0.8788831830024719,0.6583189964294434,0,1,0.0,0.2412781715393066
153,rotate_down,0,0,0,0,0,1,1,0,0,0,0.884750485420227,0.4313877671957016,0.8856342434883118,0.5767900149027506,0.8833124935626984,0.6248034536838531,0,1,0.0,0.1934156864881515
154,rotate_down,0,0,0,0,0,1,1,0,0,0,0.9101866185665132,0.4119876027107239,0.8908705512682596,0.5483883420626322,0.8866866528987885,0.6238872408866882,0,1,0.0,0.2118996381759643
155,rotate_down,0,0,0,0,0,1,1,0,0,0,0.9000759124755859,0.4134875684976578,0.889528493086497,0.5448392033576965,0.8894382119178772,0.6286041140556335,0,1,0.0,0.2151165455579757
156,rotate_down,0,0,0,0,0,1,1,0,0,0,0.6241286993026733,0.4218176454305649,0.6030545433362325,0.6007795135180155,0.5951288938522339,0.6021381616592407,0,1,0.0,0.1803205162286758
157,rotate_down,1,0,0,0,0,1,1,0,0,0,0.6336848437786102,0.2977821826934814,0.6348321835199991,0.3173068463802337,0.6278861463069916,0.4497752487659454,0,1,0.0,0.151993066072464
158,rotate_down,0,0,0,0,0,1,1,0,0,0,0.6265503168106079,0.5461504757404327,0.6241685152053833,0.6148280700047811,0.6192333996295929,0.6160441637039185,0,1,0.0,0.0698936879634857
159,rotate_down,0,0,0,0,0,1,1,0,0,0,0.6327407658100128,0.3257739692926407,0.6246755123138428,0.4484110871950785,0.6150123775005341,0.6148617267608643,0,1,0.0,0.2890877574682235
160,rotate_down,0,0,0,0,0,1,1,0,0,0,0.6023068726062775,0.4560665190219879,0.5987345178922018,0.5652989943822225,0.5984861850738525,0.6017449498176575,0,1,0.0,0.1456784307956695
161,rotate_down,0,0,0,0,0,1,1,0,0,0,0.6224190890789032,0.3569745272397995,0.6151260733604431,0.4674563705921173,0.6099060475826263,0.6092513203620911,0,1,0.0,0.2522767931222915
162,rotate_down,0,0,0,0,0,1,1,0,0,0,0.6458949148654938,0.3758098930120468,0.6219450235366821,0.5696550210316976,0.605270504951477,0.6281708180904388,0,1,0.0,0.252360925078392
163,rotate_left,0,0,0,0,0,0,0,0,0,0,0.6484523713588715,0.862603098154068,0.6496257980664571,0.8837600151697794,0.6929780840873718,0.8393545746803284,1,0,0.0445257127285003,0.0
164,rotate_left,1,0,0,0,0,1,1,0,0,0,0.7516720592975616,0.3641562461853027,0.6271048188209534,0.3424089650313059,0.5477000772953033,0.3515099585056305,1,0,-0.2039719820022583,0.0
165,rotate_left,0,0,0,0,0,1,1,0,0,0,0.7491032481193542,0.3545788526535034,0.6734633247057596,0.3485048413276672,0.5413842499256134,0.3615815192461014,1,0,-0.2077189981937408,0.0
166,rotate_left,0,0,0,0,0,1,1,0,0,0,0.7221326529979706,0.3602659255266189,0.6256163318951925,0.3569936652978261,0.5246944725513458,0.3671558350324631,1,0,-0.1974381804466247,0.0
167,rotate_left,0,0,0,0,0,1,1,0,0,0,0.6940220892429352,0.3766007572412491,0.6058118542035421,0.3629987140496571,0.5289029181003571,0.362338662147522,1,0,-0.1651191711425781,0.0
168,rotate_left,1,0,0,0,0,1,1,0,0,0,0.6886646449565887,0.3683877438306808,0.6269599795341492,0.3634154597918193,0.529910683631897,0.3725681006908417,1,0,-0.1587539613246917,0.0
169,rotate_left,0,0,0,0,0,1,1,0,0,0,0.614910900592804,0.5379438996315002,0.5616307854652405,0.5306052168210348,0.5137373507022858,0.5395321846008301,1,0,-0.1011735498905181,0.0
170,rotate_left,0,0,0,0,0,1,1,0,0,0,0.6252606809139252,0.5496410727500916,0.5667203664779663,0.556063711643219,0.5051268935203552,0.558554083108902,1,0,-0.1201337873935699,0.0
171,rotate_left,0,0,0,0,0,1,1,0,0,0,0.6201728880405426,0.5538225471973419,0.5484432379404703,0.5550736387570699,0.5093835294246674,0.5558423697948456,1,0,-0.1107893586158752,0.0
172,rotate_left,0,0,0,0,0,1,1,0,0,0,0.6122782528400421,0.5460204184055328,0.5470434228579203,0.5503568450609843,0.5002274215221405,0.5546471476554871,1,0,-0.1120508313179016,0.0
173,rotate_left,0,0,0,0,0,1,1,0,0,0,0.4110070765018463,0.499397724866867,0.3232289055983225,0.4962063729763031,0.2474986836314201,0.4991470426321029,1,0,-0.1635083928704261,0.0
174,rotate_left,0,0,0,0,0,1,1,0,0,0,0.393601581454277,0.4849775582551956,0.3166975279649098,0.476082444190979,0.2376121878623962,0.486546978354454,1,0,-0.1559893935918808,0.0
175,rotate_left,0,0,0,0,0,1,1,0,0,0,0.377131313085556,0.4856769889593124,0.3139750957489013,0.4867909053961436,0.2402590066194534,0.4950504302978515,1,0,-0.1368723064661026,0.0
176,rotate_left,0,0,0,0,0,1,1,0,0,0,0.3824701756238937,0.488445445895195,0.3109719355901082,0.4929816524187724,0.2365426793694496,0.5040642321109772,1,0,-0.1459274962544441,0.0
177,rotate_left,0,0,0,0,0,1,1,0,0,0,0.3800712078809738,0.4902094751596451,0.2728206515312195,0.4945425689220428,0.2219171747565269,0.5018839538097382,1,0,-0.1581540331244468,0.0
178,rotate_left,0,0,0,0,0,1,1,0,0,0,0.9192194938659668,0.4865641593933105,0.8303711414337158,0.4855434894561767,0.7883346080780029,0.4972185343503952,1,0,-0.1308848857879638,0.0
179,rotate_left,1,0,0,0,0,1,1,0,0,0,0.9153598546981812,0.4871552586555481,0.8290618062019348,0.4863044520219167,0.7714512348175049,0.4919640868902206,1,0,-0.1439086198806762,0.0
180,rotate_left,1,0,0,0,0,1,1,0,0,0,0.8862211108207703,0.4876562356948852,0.8212205767631531,0.4899787108103434,0.7706261873245239,0.4996062368154526,1,0,-0.1155949234962463,0.0
181,rotate_left,0,0,0,0,0,1,1,0,0,0,0.9056036174297332,0.4994455873966217,0.8475894530614217,0.4980311691761017,0.7751907110214233,0.5023677051067352,1,0,-0.1304129064083099,0.0
182,rotate_left,0,0,0,0,0,1,1,0,0,0,0.8931581974029541,0.4967777281999588,0.8378370404243469,0.4949299891789754,0.7820102274417877,0.504579484462738,1,0,-0.1111479699611663,0.0
183,rotate_left,1,0,0,0,0,1,1,0,0,0,0.7668401300907135,0.4291158616542816,0.6578058203061422,0.3991600573062897,0.5421418845653534,0.4108399599790573,1,0,-0.2246982455253601,0.0
184,rotate_left,0,0,0,0,0,1,1,0,0,0,0.7670347392559052,0.4423562586307525,0.6521282196044922,0.4150713284810384,0.5369234085083008,0.4179847836494446,1,0,-0.2301113307476043,0.0
185,rotate_left,0,0,0,0,0,1,1,0,0,0,0.749204695224762,0.4158375263214111,0.6188918550809225,0.4036235014597575,0.5259053111076355,0.417307436466217,1,0,-0.2232993841171264,0.0
186,rotate_left,0,0,0,0,0,1,1,0,0,0,0.7297036349773407,0.4044943153858185,0.6081517736117045,0.392304927110672,0.5293987691402435,0.4048547446727752,1,0,-0.2003048658370971,0.0
187,rotate_left,0,0,0,0,0,1,1,0,0,0,0.7306932210922241,0.4015476703643799,0.6102700630823771,0.398792823155721,0.5342704057693481,0.4048634469509125,1,0,-0.1964228153228759,0.0
188,rotate_left,0,0,0,0,0,1,1,0,0,0,0.555760383605957,0.5334200859069824,0.5608971913655599,0.5304632186889648,0.5736224353313446,0.505323052406311,0,1,0.0,-0.0280970335006713
189,rotate_left,0,0,0,0,0,1,1,0,0,0,0.5869523584842682,0.4979425370693207,0.5844730734825134,0.5044325987497965,0.5882734656333923,0.5066345036029816,0,1,0.0,0.0086919665336608
190,rotate_left,0,0,0,0,0,1,1,0,0,0,0.7075976431369781,0.5232339203357697,0.6090162992477417,0.4779333174228668,0.5867699384689331,0.4979590624570846,1,0,-0.120827704668045,0.0
191,rotate_left,1,0,0,0,0,1,1,0,0,0,0.7201901078224182,0.5185573697090149,0.6148249506950378,0.4866288006305694,0.5865093469619751,0.4904516786336899,1,0,-0.1336807608604431,0.0
192,rotate_left,0,0,0,0,0,1,1,0,0,0,0.6414826810359955,0.5030213892459869,0.733690599600474,0.5305769244829813,0.6161707639694214,0.4881104677915573,1,0,-0.025311917066574,0.0
193,rotate_left,1,0,0,0,0,1,1,0,0,0,0.7337710857391357,0.5196151733398438,0.6761143207550049,0.4897928138573964,0.5954335927963257,0.4867657124996185,1,0,-0.13833749294281,0.0
194,rotate_left,0,0,0,0,0,1,1,0,0,0,0.7438154220581055,0.5324095785617828,0.7324238419532776,0.5187656482060751,0.6026735305786133,0.4816258698701858,1,0,-0.1411418914794922,0.0
195,rotate_left,0,0,0,0,0,1,1,0,0,0,0.7498396337032318,0.5246487259864807,0.6094248294830322,0.4848553637663523,0.606555163860321,0.4860706478357315,1,0,-0.1432844698429107,0.0
196,rotate_left,0,0,0,0,0,1,1,0,0,0,0.5569315552711487,0.6010674834251404,0.5451500018437704,0.5952527523040771,0.5063239634037018,0.5962342023849487,1,0,-0.0506075918674469,0.0
197,rotate_left,0,0,0,0,0,1,1,0,0,0,0.5750742852687836,0.6096138954162598,0.5610131422678629,0.6040362517038981,0.5100424289703369,0.5971066355705261,1,0,-0.0650318562984466,0.0
198,rotate_left,0,0,0,0,0,1,1,0,0,0,0.5918508768081665,0.617275059223175,0.5381524761517843,0.5950946013132731,0.5115342736244202,0.5972143411636353,1,0,-0.0803166031837463,0.0
199,rotate_left,0,0,0,0,0,1,1,0,0,0,0.589754730463028,0.6147147119045258,0.5876611471176147,0.6129524310429891,0.5169980525970459,0.5977863967418671,1,0,-0.072756677865982,0.0
200,rotate_left,0,0,0,0,0,1,1,0,0,0,0.5894713997840881,0.6169221997261047,0.5388590097427368,0.6013391216595968,0.5083327293395996,0.6002674698829651,1,0,-0.0811386704444885,0.0
201,rotate_left,0,0,0,0,0,1,1,0,0,0,0.5978209972381592,0.6172652244567871,0.5574893554051717,0.6051157116889954,0.5167666971683502,0.6022736728191376,1,0,-0.0810543000698089,0.0
202,rotate_left,0,0,0,0,0,1,1,0,0,0,0.3376014977693558,0.5925273597240448,0.3161616424719493,0.5814082423845927,0.2527323961257934,0.5666635930538177,1,0,-0.0848691016435623,0.0
203,rotate_left,0,0,0,0,0,1,1,0,0,0,0.3478178828954696,0.5924530923366547,0.2900791267553965,0.5688688556353251,0.2552000433206558,0.5672568380832672,1,0,-0.0926178395748138,0.0
204,rotate_left,0,0,0,0,0,1,1,0,0,0,0.3559240698814392,0.5892065763473511,0.3245444397131602,0.5798794428507487,0.2560931593179703,0.5636877417564392,1,0,-0.0998309105634689,0.0
205,rotate_left,0,0,0,0,0,1,1,0,0,0,0.3531599193811416,0.5956472158432007,0.3283293743928273,0.578135351339976,0.252101868391037,0.5666783452033997,1,0,-0.1010580509901046,0.0
206,rotate_left,0,0,0,0,0,1,1,0,0,0,0.3503715991973877,0.6005764305591583,0.3069710731506347,0.5700038274129232,0.2562580853700638,0.5709017813205719,1,0,-0.0941135138273239,0.0
207,rotate_left,0,0,0,0,0,1,1,0,0,0,0.8875135779380798,0.5716153979301453,0.8301175832748413,0.5610094666481018,0.7950875759124756,0.5615459978580475,1,0,-0.0924260020256042,0.0
208,rotate_left,0,0,0,0,0,1,1,0,0,0,0.8866657912731171,0.5740671455860138,0.8230297764142355,0.5587552984555563,0.7898924946784973,0.5618028342723846,1,0,-0.0967732965946197,0.0
209,rotate_left,0,0,0,0,0,1,1,0,0,0,0.890215665102005,0.5712333917617798,0.8473157087961832,0.5526372392972311,0.7909466624259949,0.5651911199092865,1,0,-0.0992690026760101,0.0
210,rotate_left,0,0,0,0,0,1,1,0,0,0,0.8986964523792267,0.5757395327091217,0.8280111153920492,0.5679622491200765,0.7980937957763672,0.566463440656662,1,0,-0.1006026566028595,0.0
211,rotate_left,0,0,0,0,0,1,1,0,0,0,0.8946883976459503,0.5793747901916504,0.8396550814310709,0.5643571019172668,0.8022452890872955,0.5641786158084869,1,0,-0.0924431085586547,0.0
212,rotate_left,0,0,0,0,0,1,1,0,0,0,0.7169281840324402,0.5075070261955261,0.6610066095987955,0.4947311679522196,0.5852565169334412,0.4940348267555237,1,0,-0.131671667098999,0.0
213,rotate_left,0,0,0,0,0,1,1,0,0,0,0.7270969748497009,0.518344908952713,0.6801538268725077,0.4982565939426422,0.5807768106460571,0.489412248134613,1,0,-0.1463201642036438,0.0
214,rotate_left,0,0,0,0,0,1,1,0,0,0,0.7295016050338745,0.527830570936203,0.6824435989061991,0.4994387129942576,0.5943022668361664,0.4895881563425064,1,0,-0.1351993381977081,0.0
215,rotate_left,0,0,0,0,0,1,1,0,0,0,0.7305147349834442,0.509985625743866,0.7053196628888448,0.506356676419576,0.5880017876625061,0.4848958551883697,1,0,-0.1425129473209381,0.0
216,rotate_left,0,0,0,0,0,1,1,0,0,0,0.7359180748462677,0.5133678317070007,0.6567383209864298,0.4828742643197377,0.5884202718734741,0.4832035303115845,1,0,-0.1474978029727935,0.0
217,rotate_left,0,0,0,0,0,1,1,0,0,0,0.7078099250793457,0.4678144305944443,0.7290519078572592,0.4642706712086995,0.6026611328125,0.4779369086027145,1,0,-0.1051487922668457,0.0
218,rotate_left,1,0,0,0,0,1,1,0,0,0,0.7836304306983948,0.4686470329761505,0.762888491153717,0.463676909605662,0.618643045425415,0.4726452827453613,1,0,-0.1649873852729797,0.0
219,rotate_left,1,0,0,0,0,1,1,0,0,0,0.7885999083518982,0.4581897109746933,0.6934517621994019,0.4720275203386943,0.6067432463169098,0.4688778072595596,1,0,-0.1818566620349884,0.0
220,rotate_left,0,0,0,0,0,1,1,0,0,0,0.785347580909729,0.4579259008169174,0.7502141992251078,0.460895429054896,0.6046975255012512,0.4722733795642853,1,0,-0.1806500554084777,0.0
221,rotate_left,0,0,0,0,0,1,1,0,0,0,0.7599506378173828,0.4750037640333175,0.6252163052558899,0.4859956999619801,0.6062614619731903,0.4811705648899078,1,0,-0.1536891758441925,0.0
222,rotate_left,0,0,0,0,0,1,1,0,0,0,0.3445291817188263,0.5845709145069122,0.2957560916741689,0.582746664683024,0.2643896788358688,0.5835016071796417,1,0,-0.0801395028829574,0.0
223,rotate_left,1,0,0,0,0,1,1,0,0,0,0.3635541498661041,0.5874440371990204,0.3149097859859466,0.5906184315681458,0.2728420346975326,0.5874019861221313,1,0,-0.0907121151685714,0.0
224,rotate_left,0,0,0,0,0,1,1,0,0,0,0.359515056014061,0.5865515768527985,0.3014873961607615,0.5830491185188293,0.2657484114170074,0.5915962755680084,1,0,-0.0937666445970535,0.0
225,rotate_left,0,0,0,0,0,1,1,0,0,0,0.3592804074287414,0.5902180671691895,0.2984179059664408,0.590103010336558,0.272331103682518,0.5918540358543396,1,0,-0.0869493037462234,0.0
226,rotate_left,1,0,0,0,0,1,1,0,0,0,0.3550895750522613,0.5916751325130463,0.3035226662953694,0.5945974588394165,0.2708362638950348,0.593428909778595,1,0,-0.0842533111572265,0.0
227,rotate_left,0,0,0,0,0,1,1,0,0,0,0.8876498639583588,0.577686607837677,0.8405230442682902,0.5774754881858826,0.7961955964565277,0.5842500030994415,1,0,-0.091454267501831,0.0
228,rotate_left,1,1,0,0,0,1,1,0,0,0,0.896711528301239,0.5847952961921692,0.838874081770579,0.5856130520502726,0.8072113990783691,0.5894438624382019,1,0,-0.0895001292228698,0.0
229,rotate_left,1,0,0,0,0,1,1,0,0,0,0.8972181975841522,0.588199108839035,0.825457771619161,0.5880541006724039,0.8070773780345917,0.5927061140537262,1,0,-0.0901408195495605,0.0
230,rotate_left,0,0,0,0,0,1,1,0,0,0,0.8944683969020844,0.5909529328346252,0.8308857282002767,0.588493267695109,0.8122444450855255,0.5906887650489807,1,0,-0.0822239518165588,0.0
231,rotate_left,0,0,0,0,0,1,1,0,0,0,0.8996979296207428,0.5869380533695221,0.8468853036562601,0.589445948600769,0.8139226734638214,0.5890373587608337,1,0,-0.0857752561569213,0.0
232,rotate_left,0,0,0,0,0,1,1,0,0,0,0.5985104143619537,0.6079142689704895,0.549131433169047,0.6076963543891907,0.5292593538761139,0.6123738884925842,1,0,-0.0692510604858398,0.0
233,rotate_left,1,0,0,0,0,1,1,0,0,0,0.6152636408805847,0.6144745349884033,0.5789694984753927,0.6137977242469788,0.5300962030887604,0.616680234670639,1,0,-0.0851674377918243,0.0
234,rotate_left,0,0,0,0,0,1,1,0,0,0,0.6254233717918396,0.6162299513816833,0.5927401582400004,0.6170286138852438,0.5313636660575867,0.6131903529167175,1,0,-0.0940597057342529,0.0
235,rotate_left,0,0,0,0,0,1,1,0,0,0,0.6183269619941711,0.6154547333717346,0.563614547252655,0.618099590142568,0.5338595509529114,0.6240147352218628,1,0,-0.0844674110412597,0.0
236,rotate_left,1,0,0,0,0,1,1,0,0,0,0.6240222454071045,0.6201199591159821,0.6024718085924784,0.613287111123403,0.5322823226451874,0.602750688791275,1,0,-0.0917399227619171,0.0
237,rotate_left,1,0,0,0,0,1,1,0,0,0,0.7034846246242523,0.4625419527292251,0.6310919324556986,0.4722233017285664,0.4880839884281158,0.457774817943573,1,0,-0.2154006361961364,0.0
238,rotate_left,0,0,0,0,0,1,1,0,0,0,0.7594286799430847,0.4719534367322922,0.6536508202552795,0.4767592052618662,0.5925323367118835,0.4751945436000824,1,0,-0.1668963432312011,0.0
239,rotate_left,1,0,0,0,0,1,1,0,0,0,0.7712531685829163,0.4820840954780578,0.6582759420077006,0.4818926552931468,0.578583836555481,0.4775891155004501,1,0,-0.1926693320274353,0.0
240,rotate_left,0,0,0,0,0,1,1,0,0,0,0.7500470280647278,0.4799620360136032,0.672771692276001,0.4735812644163767,0.5809627771377563,0.4820607006549835,1,0,-0.1690842509269714,0.0
241,rotate_left,1,0,0,0,0,1,1,0,0,0,0.768249899148941,0.4830505400896072,0.6688628395398458,0.4863297343254089,0.5803551375865936,0.4803430587053299,1,0,-0.1878947615623474,0.0
242,rotate_left,1,0,0,0,0,1,0,1,1,1,0.6850616335868835,0.8766303062438965,0.7048344810803732,0.8382128675778707,0.7011577486991882,0.8791325986385345,1,0,0.0160961151123046,0.0
243,rotate_left,0,0,0,0,0,1,1,0,0,0,0.7395525872707367,0.2610879391431808,0.6051773031552633,0.2692646980285644,0.5538253486156464,0.2766251713037491,1,0,-0.1857272386550903,0.0
244,rotate_left,1,0,0,0,0,1,1,0,0,0,0.7438566982746124,0.4028736352920532,0.6596319874127706,0.4040186802546183,0.5471219420433044,0.3929125666618347,1,0,-0.1967347562313079,0.0
245,rotate_left,1,0,0,0,0,1,1,0,0,0,0.7681061029434204,0.3988837152719497,0.6389101346333822,0.3828023771444956,0.5336031317710876,0.3751481026411056,1,0,-0.2345029711723327,0.0
246,rotate_left,1,0,0,0,0,1,1,0,0,0,0.7706483602523804,0.4037269204854965,0.6591923832893372,0.4048884312311808,0.5455774962902069,0.3911621868610382,1,0,-0.2250708639621734,0.0
247,rotate_left,1,1,0,0,0,1,1,0,0,0,0.5944989323616028,0.5386254191398621,0.5418434739112854,0.542979379494985,0.5103927254676819,0.546035498380661,1,0,-0.0841062068939209,0.0
248,rotate_left,1,0,0,0,0,1,1,0,0,0,0.6087560951709747,0.5423048138618469,0.5528922279675802,0.5400220155715942,0.5020369589328766,0.5419793725013733,1,0,-0.1067191362380981,0.0
249,rotate_left,1,0,0,0,0,1,1,0,0,0,0.6139653623104095,0.547773152589798,0.5479121804237366,0.5458914637565613,0.508706122636795,0.5448327660560608,1,0,-0.1052592396736145,0.0
250,rotate_left,1,0,0,0,0,1,1,0,0,0,0.6209851503372192,0.5523824691772461,0.618698517481486,0.5508030454317728,0.5834015011787415,0.5482055246829987,1,0,-0.0375836491584777,0.0
251,rotate_left,0,0,0,0,0,1,1,0,0,0,0.5025060176849365,0.5502193868160248,0.4994677702585856,0.5488859216372172,0.5007075667381287,0.546637773513794,0,1,0.0,-0.0035816133022308
252,rotate_left,0,0,0,0,0,1,1,0,0,0,0.5028093755245209,0.5428448617458344,0.5035373369852701,0.5372288028399149,0.5048378705978394,0.5375199913978577,0,1,0.0,-0.0053248703479766
253,rotate_left,1,0,0,0,0,1,1,0,0,0,0.3301378786563873,0.4990149736404419,0.2723742028077443,0.4909357726573944,0.2072489336133003,0.4824689775705337,1,0,-0.122888945043087,0.0
254,rotate_left,1,0,0,0,0,1,1,0,0,0,0.3470748662948608,0.4936999082565307,0.2678055763244629,0.487447440624237,0.2041951343417167,0.4756483435630798,1,0,-0.142879731953144,0.0
255,rotate_left,1,0,0,0,0,1,1,0,0,0,0.3550758063793182,0.5016548931598663,0.2495109687248865,0.4895091454188029,0.2216060310602188,0.48333740234375,1,0,-0.1334697753190994,0.0
256,rotate_left,0,0,0,0,0,1,1,0,0,0,0.3609672337770462,0.5002219378948212,0.2964420914649963,0.4870496292908986,0.2125462666153907,0.477624163031578,1,0,-0.1484209671616554,0.0
257,rotate_left,1,0,0,0,0,1,1,0,0,0,0.8524780571460724,0.4549794495105743,0.8053889274597168,0.4614159266153971,0.749270886182785,0.4710574448108673,1,0,-0.1032071709632873,0.0
258,rotate_left,1,0,0,0,0,1,1,0,0,0,0.8716475963592529,0.4620983004570007,0.7979386647542318,0.4572633504867553,0.7452206313610077,0.4686380922794342,1,0,-0.1264269649982452,0.0
259,rotate_left,1,0,0,0,0,1,1,0,0,0,0.8822531998157501,0.4645513445138931,0.8153927326202393,0.4597262839476267,0.7327388525009155,0.4674664735794067,1,0,-0.1495143473148346,0.0
260,rotate_left,1,0,0,0,0,1,1,0,0,0,0.8791989386081696,0.4657896161079407,0.8238163590431213,0.467140922943751,0.735791951417923,0.4712963998317718,1,0,-0.1434069871902465,0.0
261,rotate_left,1,0,0,0,0,1,1,0,0,0,0.8745965659618378,0.4729934781789779,0.8063011169433594,0.460671454668045,0.7403605282306671,0.4632368385791778,1,0,-0.1342360377311706,0.0
262,rotate_left,0,0,0,0,0,1,1,0,0,0,0.6528171300888062,0.4197438359260559,0.5529753367106119,0.3898891905943553,0.5194273591041565,0.3815750777721405,1,0,-0.1333897709846496,0.0
263,rotate_left,1,0,0,0,0,1,1,0,0,0,0.7090533673763275,0.3997030109167099,0.5745381911595663,0.3846359451611836,0.5133982002735138,0.3831553012132644,1,0,-0.1956551671028137,0.0
264,rotate_left,0,0,0,0,0,1,1,0,0,0,0.5954349339008331,0.3879469037055969,0.5046184857686361,0.3789691825707753,0.5120076239109039,0.3786875605583191,1,0,-0.0834273099899292,0.0
265,rotate_left,0,0,0,0,0,1,1,0,0,0,0.7041243016719818,0.4053564965724945,0.5842984318733215,0.3974307179450989,0.5089263021945953,0.3868732005357742,1,0,-0.1951979994773864,0.0
266,rotate_left,1,0,0,0,0,1,1,0,0,0,0.6853052079677582,0.4011227190494537,0.5342079202334086,0.3768990635871887,0.5245978236198425,0.384163573384285,1,0,-0.1607073843479156,0.0
267,rotate_left,0,0,0,0,0,1,1,0,0,0,0.6868269443511963,0.4245036542415619,0.6004080971082052,0.4077868660291036,0.5136967301368713,0.4071733355522156,1,0,-0.1731302142143249,0.0
268,rotate_left,1,0,0,0,0,1,1,0,0,0,0.6886626780033112,0.4241339415311813,0.5138545831044515,0.4300668438275655,0.5113810300827026,0.477539449930191,1,0,-0.1772816479206085,0.0
269,rotate_left,0,0,0,0,0,1,1,0,0,0,0.7400393784046173,0.5124571323394775,0.6120804150899252,0.5130280256271362,0.4878803193569183,0.4879027903079986,1,0,-0.252159059047699,0.0
270,rotate_left,1,0,0,0,0,1,1,0,0,0,0.7221088707447052,0.5082987844944,0.6176993648211161,0.4993014335632324,0.4994277060031891,0.4828061908483505,1,0,-0.2226811647415161,0.0
271,rotate_left,0,0,0,0,0,1,1,0,0,0,0.7184687852859497,0.5033783614635468,0.5993176301320394,0.4949693977832794,0.4992489665746689,0.4858698546886444,1,0,-0.2192198187112808,0.0
272,rotate_left,1,0,0,0,0,1,1,0,0,0,0.5609264075756073,0.5938840508460999,0.5016404986381531,0.5936017831166586,0.4626928120851517,0.5841855406761169,1,0,-0.0982335954904556,0.0
273,rotate_left,0,0,0,0,0,1,1,0,0,0,0.5859568417072296,0.5991775989532471,0.5400117039680481,0.6043039162953695,0.4680088013410568,0.5922187566757202,1,0,-0.1179480403661727,0.0
274,rotate_left,0,1,0,0,0,1,1,0,0,0,0.5784729421138763,0.6002859473228455,0.5365614692370096,0.6054682930310568,0.4702165424823761,0.5868197679519653,1,0,-0.1082563996315002,0.0
275,rotate_left,0,0,0,0,0,1,1,0,0,0,0.5702465176582336,0.5976050496101379,0.5238562822341919,0.6002436876296997,0.4606746733188629,0.5893460214138031,1,0,-0.1095718443393707,0.0
276,rotate_left,0,0,0,0,0,1,1,0,0,0,0.571038693189621,0.6052541434764862,0.5254824558893839,0.5921160777409872,0.4723761975765228,0.5859562456607819,1,0,-0.0986624956130981,0.0
277,rotate_left,1,0,0,0,0,1,1,0,0,0,0.3332393169403076,0.5819537341594696,0.2740583519140879,0.5692846775054932,0.2195477113127708,0.5538271963596344,1,0,-0.1136916056275367,0.0
278,rotate_left,1,0,0,0,0,1,1,0,0,0,0.3533873558044433,0.5738299489021301,0.3099516828854878,0.5763721068700155,0.2299503087997436,0.5575149059295654,1,0,-0.1234370470046997,0.0
279,rotate_left,1,0,0,0,0,1,1,0,0,0,0.3579551428556442,0.5781482458114624,0.3146945337454478,0.5777888695398966,0.217483252286911,0.5476919710636139,1,0,-0.1404718905687332,0.0
280,rotate_left,1,0,0,0,0,1,1,0,0,0,0.3446916788816452,0.574376255273819,0.2907877763112386,0.5713198781013489,0.2001274898648262,0.5433355569839478,1,0,-0.144564189016819,0.0
281,rotate_left,1,0,0,0,0,1,1,0,0,0,0.3510176539421081,0.5728240013122559,0.3008997639020284,0.5771546165148417,0.2100865915417671,0.5491959750652313,1,0,-0.140931062400341,0.0
282,rotate_left,0,0,0,0,0,1,1,0,0,0,0.8605084717273712,0.5440665781497955,0.8085185686747233,0.5361124674479166,0.7332198023796082,0.5341520309448242,1,0,-0.127288669347763,0.0
283,rotate_left,0,0,0,0,0,1,1,0,0,0,0.8721440136432648,0.5365948975086212,0.8139615853627523,0.5390213926633199,0.7336061596870422,0.5345452427864075,1,0,-0.1385378539562225,0.0
284,rotate_left,0,1,0,0,0,1,1,0,0,0,0.8873172402381897,0.5465747117996216,0.8279991745948792,0.5471911827723185,0.739587277173996,0.5337200164794922,1,0,-0.1477299630641937,0.0
285,rotate_left,0,0,0,0,0,1,1,0,0,0,0.8928682804107666,0.5463401973247528,0.8263800144195557,0.5454075137774149,0.7390041351318359,0.5402299165725708,1,0,-0.1538641452789306,0.0
286,rotate_left,0,0,0,0,0,1,1,0,0,0,0.8910590708255768,0.5478036999702454,0.8591973185539246,0.5507312417030334,0.764797031879425,0.5403297245502472,1,0,-0.1262620389461517,0.0
287,rotate_left,0,0,0,0,0,1,1,0,0,0,0.6317614614963531,0.513954758644104,0.6263795892397562,0.5193188587824503,0.4855015873908996,0.4977599233388901,1,0,-0.1462598741054535,0.0
288,rotate_left,0,0,0,0,0,1,1,0,0,0,0.7065558433532715,0.5155501067638397,0.7038654486338297,0.5185505151748657,0.6590467393398285,0.5095212757587433,1,0,-0.0475091040134429,0.0
289,rotate_left,0,0,0,0,0,1,1,0,0,0,0.6970599889755249,0.5290972888469696,0.6963328719139099,0.5290262500445048,0.684612512588501,0.5242352187633514,1,0,-0.0124474763870239,0.0
290,rotate_left,0,0,0,0,0,1,1,0,0,0,0.4737821668386459,0.4894449263811111,0.4734730323155721,0.4899195830027262,0.4739225953817367,0.4901246130466461,0,1,0.0,0.0006796866655349
291,rotate_left,1,0,0,0,0,1,1,0,0,0,0.52104651927948,0.5081479251384735,0.5220576524734497,0.5081287423769633,0.5240768492221832,0.5076585114002228,1,0,0.0030303299427032,0.0
292,rotate_left,1,0,0,0,0,1,1,0,0,0,0.6815235018730164,0.524444043636322,0.6098783810933431,0.5299124519030253,0.5113264620304108,0.5098320841789246,1,0,-0.1701970398426056,0.0
293,rotate_left,0,0,0,0,0,1,1,0,0,0,0.684487372636795,0.533420205116272,0.575825035572052,0.5260564486185709,0.5201547145843506,0.5133269429206848,1,0,-0.1643326580524444,0.0
294,rotate_left,1,0,0,0,0,1,1,0,0,0,0.6694368124008179,0.522708535194397,0.5898356636365255,0.5327614943186442,0.508753776550293,0.5095265805721283,1,0,-0.1606830358505249,0.0
295,rotate_left,1,0,0,0,0,1,1,0,0,0,0.6634927093982697,0.5176855027675629,0.6626462340354919,0.5249752004941305,0.5996101796627045,0.522044837474823,1,0,-0.0638825297355651,0.0
296,rotate_left,0,0,0,0,0,1,1,0,0,0,0.5434300303459167,0.5143850445747375,0.4945813318093617,0.5109703342119852,0.4927939027547836,0.5116311609745026,1,0,-0.0506361275911331,0.0
297,rotate_left,0,0,0,0,0,1,1,0,0,0,0.6575092077255249,0.5223070085048676,0.5688599546750387,0.51749720176061,0.5010459423065186,0.5080328583717346,1,0,-0.1564632654190063,0.0
298,rotate_left,0,1,1,1,1,0,0,1,1,1,0.6500905156135559,0.9034296870231628,0.6576744516690572,0.9029472867647806,0.6876925230026245,0.8139962255954742,0,1,0.0,-0.0894334614276886
299,rotate_left,1,0,0,0,0,1,1,0,0,0,0.6740294396877289,0.4241735488176346,0.6597440640131632,0.4201914270718892,0.5525101721286774,0.4130061566829681,1,0,-0.1215192675590515,0.0
300,rotate_left,0,0,0,0,0,1,1,0,0,0,0.7331064641475677,0.4325964897871017,0.7337898015975952,0.4324092964331309,0.5482000112533569,0.4090800881385803,1,0,-0.1849064528942108,0.0
301,rotate_left,0,0,0,0,0,1,1,0,0,0,0.7180799245834351,0.4133092910051346,0.6331428090731303,0.3870228230953216,0.5387840867042542,0.3982024937868118,1,0,-0.1792958378791809,0.0
302,rotate_left,0,0,0,0,0,1,1,0,0,0,0.7272337973117828,0.4180293381214142,0.6961371501286825,0.4146175781885783,0.524663895368576,0.3982665091753006,1,0,-0.2025699019432068,0.0
303,rotate_left,0,0,0,0,0,1,1,0,0,0,0.7259503304958344,0.4249132424592972,0.7337659597396851,0.4234077433745066,0.7000702619552612,0.4628143161535263,0,1,0.0,0.0379010736942291
304,rotate_left,1,0,0,0,0,1,1,0,0,0,0.623249888420105,0.5364494025707245,0.5619010925292969,0.5187966426213583,0.5063514709472656,0.5169941484928131,1,0,-0.1168984174728393,0.0
305,rotate_left,1,0,0,0,0,1,1,0,0,0,0.6448624730110168,0.5322214365005493,0.5907564957936605,0.5228423873583475,0.5143645703792572,0.5256821513175964,1,0,-0.1304979026317596,0.0
306,rotate_left,0,0,0,0,0,1,1,0,0,0,0.6384304761886597,0.5279918909072876,0.6362313429514567,0.531315823396047,0.5201971232891083,0.5237342119216919,1,0,-0.1182333528995513,0.0
307,rotate_left,1,0,0,0,0,1,1,0,0,0,0.6507875025272369,0.5313504934310913,0.6375762025515238,0.5291720430056254,0.5158858299255371,0.5179234743118286,1,0,-0.1349016726016998,0.0
308,rotate_left,0,0,0,0,0,1,1,0,0,0,0.634101152420044,0.5217165350914001,0.6352838675181071,0.5253484050432841,0.5364144146442413,0.5162149965763092,1,0,-0.0976867377758026,0.0
309,rotate_left,1,0,0,0,0,1,1,0,0,0,0.8883459270000458,0.4885872900485992,0.7804465293884277,0.4728610018889109,0.7717700898647308,0.4792007803916931,1,0,-0.1165758371353149,0.0
310,rotate_left,0,0,0,0,0,1,1,0,0,0,0.9094607532024384,0.4891655147075653,0.8544432719548544,0.4785115718841553,0.7693278789520264,0.4774297177791595,1,0,-0.140132874250412,0.0
311,rotate_left,0,0,0,0,0,1,1,0,0,0,0.910651445388794,0.4879872500896454,0.8759479721387228,0.4830057621002197,0.7646380364894867,0.4730354249477386,1,0,-0.1460134088993072,0.0
312,rotate_left,0,0,0,0,0,1,1,0,0,0,0.9051373898983002,0.4906717240810394,0.9034053087234496,0.4907719890276591,0.7715822160243988,0.4736867994070053,1,0,-0.1335551738739013,0.0
313,rotate_left,0,0,0,0,0,1,1,0,0,0,0.7740819156169891,0.4788535982370376,0.8671801686286926,0.495604266722997,0.9091074466705322,0.4957362860441208,1,0,0.1350255310535431,0.0
314,rotate_left,1,0,0,0,0,1,1,0,0,0,0.3623864650726318,0.5250068008899689,0.2477191140254338,0.5086406270662943,0.2523848116397857,0.5094773173332214,1,0,-0.110001653432846,0.0
315,rotate_left,1,0,0,0,0,1,1,0,0,0,0.4016612023115158,0.5230489075183868,0.3424822688102722,0.510256290435791,0.2645879834890365,0.5109612047672272,1,0,-0.1370732188224792,0.0
316,rotate_left,0,0,0,0,0,1,1,0,0,0,0.4069158434867859,0.5206892192363739,0.3630511164665222,0.510992427666982,0.266930878162384,0.5015006065368652,1,0,-0.1399849653244018,0.0
317,rotate_left,1,0,0,0,0,1,1,0,0,0,0.418512299656868,0.5213393270969391,0.334902952114741,0.5077424049377441,0.2579713463783264,0.5063790082931519,1,0,-0.1605409532785415,0.0
318,rotate_left,1,0,0,0,0,1,1,0,0,0,0.6361002922058105,0.4851174801588058,0.5629727045694987,0.4667830069859822,0.5315473973751068,0.4721182882785797,1,0,-0.1045528948307037,0.0
319,rotate_left,1,0,0,0,0,1,1,0,0,0,0.7141928374767303,0.4804942905902862,0.6601333022117615,0.472449392080307,0.5630109310150146,0.4718570411205292,1,0,-0.1511819064617157,0.0
320,rotate_left,0,0,0,0,0,1,1,0,0,0,0.7202975749969482,0.4770965129137039,0.6799232959747314,0.4745297928651174,0.5610519051551819,0.4776704162359237,1,0,-0.1592456698417663,0.0
321,rotate_left,1,0,0,0,0,1,1,0,0,0,0.7168886065483093,0.4684656262397766,0.6556127270062765,0.4549133678277333,0.5633608996868134,0.4577952027320862,1,0,-0.1535277068614959,0.0
322,rotate_left,1,0,0,0,0,1,1,0,0,0,0.7159232795238495,0.4561386406421661,0.6292248964309692,0.4589156409104665,0.5479011237621307,0.4595215916633606,1,0,-0.1680221557617187,0.0
323,zoom_in,0,0,0,0,0,1,1,1,0,0,0.5705963373184204,0.7145761251449585,0.5784282485644022,0.5471381445725759,0.5705404877662659,0.3562610000371933,0,1,0.0,-0.3583151251077652
324,zoom_in,0,0,0,0,0,1,1,1,0,0,0.5656967163085938,0.7182931900024414,0.5838143626848856,0.5576343933741251,0.5663032829761505,0.3856683075428009,0,1,0.0,-0.3326248824596405
325,zoom_in,1,0,0,0,0,1,1,1,0,0,0.5596940815448761,0.7275966107845306,0.569683293501536,0.5712356567382812,0.5559922158718109,0.4046475291252136,0,1,0.0,-0.322949081659317
326,zoom_in,0,0,0,0,0,1,1,1,0,0,0.5612073540687561,0.7201387286186218,0.5659343202908834,0.6572174429893494,0.5682308971881866,0.4078130424022674,0,1,0.0,-0.3123256862163543
327,zoom_in,0,0,0,0,0,1,1,1,0,0,0.5558535158634186,0.7518943548202515,0.5764590303103129,0.6299529472986857,0.5670012533664703,0.4006327092647552,0,1,0.0,-0.3512616455554962
328,zoom_in,0,0,0,0,0,1,1,1,0,0,0.5438413321971893,0.738808810710907,0.5582574605941772,0.5778820514678955,0.5555098652839661,0.517768532037735,0,1,0.0,-0.221040278673172
329,zoom_in,1,0,0,0,0,1,1,1,0,0,0.5437116324901581,0.7055763602256775,0.5583518544832865,0.6255040764808655,0.5565584003925323,0.5167325437068939,0,1,0.0,-0.1888438165187835
330,zoom_in,0,0,0,0,0,1,1,1,0,0,0.5524673461914062,0.6821425557136536,0.558059553305308,0.5688244104385376,0.5526955425739288,0.5182455778121948,0,1,0.0,-0.1638969779014587
331,zoom_in,0,0,0,0,0,1,1,1,0,0,0.5430587232112885,0.7125456035137177,0.5546463131904602,0.6281335353851318,0.5495488047599792,0.516681969165802,0,1,0.0,-0.1958636343479156
332,zoom_in,0,0,0,0,0,1,1,1,0,0,0.5457604229450226,0.6967499554157257,0.5577953259150187,0.5741063356399536,0.5571739077568054,0.5184609889984131,0,1,0.0,-0.1782889664173126
333,zoom_in,1,0,0,0,0,1,1,1,0,0,0.3075828999280929,0.7125634253025055,0.3073815405368805,0.7114543914794922,0.3299809992313385,0.6222580671310425,0,1,0.0,-0.090305358171463
334,zoom_in,0,0,0,0,0,1,1,1,0,0,0.3258930891752243,0.4826624542474746,0.3247254888216654,0.4626575807730357,0.3243919461965561,0.464407742023468,0,1,0.0,-0.0182547122240066
335,zoom_in,0,0,0,0,0,1,1,1,0,0,0.3133132606744766,0.6886412501335144,0.3125933508078257,0.6895659367243449,0.3181594461202621,0.6637684404850006,0,1,0.0,-0.0248728096485137
336,zoom_in,0,0,0,0,0,1,1,1,0,0,0.3175453543663025,0.486595556139946,0.3163283268610636,0.4649860858917236,0.3167426139116287,0.4641831070184707,0,1,0.0,-0.0224124491214752
337,zoom_in,0,0,0,0,0,1,1,1,0,0,0.3121359199285507,0.6774445474147797,0.3213589787483215,0.6071446140607198,0.317411333322525,0.4599334150552749,0,1,0.0,-0.2175111323595047
338,zoom_in,1,0,0,0,0,1,1,1,0,0,0.3051659911870956,0.655038595199585,0.3144599696000417,0.5451613664627075,0.3103665262460708,0.4700398445129394,0,1,0.0,-0.1849987506866455
339,zoom_in,1,0,0,0,0,1,1,1,0,0,0.817764550447464,0.7087858021259308,0.8295089403788248,0.6702277263005575,0.8323798477649689,0.4919069856405258,0,1,0.0,-0.2168788164854049
340,zoom_in,0,0,0,0,0,1,1,1,0,0,0.8195274472236633,0.684579074382782,0.8222532669703165,0.6804164052009583,0.8282031714916229,0.6314426362514496,0,1,0.0,-0.0531364381313324
341,zoom_in,0,0,0,0,0,1,1,1,0,0,0.8328028619289398,0.5112860202789307,0.8286915818850199,0.4818019568920135,0.8274902403354645,0.4833894073963165,0,1,0.0,-0.0278966128826141
342,zoom_in,1,0,0,0,0,1,1,1,0,0,0.8085379600524902,0.6645491421222687,0.8121497829755148,0.6642802158991495,0.8191033005714417,0.6374245285987854,0,1,0.0,-0.0271246135234832
343,zoom_in,0,0,0,0,0,1,1,1,0,0,0.8144476413726807,0.4841365814208984,0.8132545749346415,0.4702420135339101,0.8148241341114044,0.4703118801116943,0,1,0.0,-0.0138247013092041
344,zoom_in,0,0,0,0,0,1,1,1,0,0,0.7988274693489075,0.6689402163028717,0.8011937737464905,0.6698954304059347,0.8112408220767975,0.6356469094753265,0,1,0.0,-0.0332933068275451
345,zoom_in,0,0,0,0,0,1,1,1,0,0,0.815912276506424,0.5174315273761749,0.8168014486630758,0.4702682693799336,0.8193752765655518,0.4698861688375473,0,1,0.0,-0.0475453585386276
346,zoom_in,0,0,0,0,0,1,1,1,0,0,0.7957976162433624,0.6765889823436737,0.8082386255264282,0.6080546975135803,0.8122918903827667,0.4708341509103775,0,1,0.0,-0.2057548314332962
347,zoom_in,1,0,0,0,0,1,1,1,0,0,0.799072653055191,0.6660286486148834,0.8108519514401754,0.5861072738965353,0.814210832118988,0.477359265089035,0,1,0.0,-0.1886693835258484
348,zoom_in,0,0,0,0,0,1,1,1,0,0,0.6035906076431274,0.7078908979892731,0.6292952100435892,0.5400652885437012,0.6298916637897491,0.4055917412042618,0,1,0.0,-0.3022991567850113
349,zoom_in,0,0,0,0,0,1,1,1,0,0,0.6121480464935303,0.6598678529262543,0.6265509923299154,0.542275587717692,0.6279601156711578,0.4189243763685226,0,1,0.0,-0.2409434765577316
350,zoom_in,0,0,0,0,0,1,1,1,0,0,0.6140502691268921,0.654064953327179,0.6257983446121216,0.5567710002263387,0.6243964433670044,0.4262787699699402,0,1,0.0,-0.2277861833572387
351,zoom_in,0,0,0,0,0,1,1,1,0,0,0.605270117521286,0.6427174210548401,0.616719921429952,0.5687398115793864,0.6159046292304993,0.4027633219957351,0,1,0.0,-0.2399540990591049
352,zoom_in,0,0,0,0,0,1,1,1,0,0,0.604740560054779,0.6413500308990479,0.610139012336731,0.5311909317970276,0.609760582447052,0.3857756406068802,0,1,0.0,-0.2555743902921676
353,zoom_in,1,0,0,0,0,1,1,1,0,0,0.6665256321430206,0.3655780851840973,0.6471542119979858,0.6211402813593546,0.6394228339195251,0.6275177896022797,0,1,0.0,0.2619397044181824
354,zoom_in,1,0,0,0,0,1,1,1,0,0,0.6587758660316467,0.6019074022769928,0.6616516908009847,0.4502579271793365,0.6628433167934418,0.4634895175695419,0,1,0.0,-0.1384178847074508
355,zoom_in,1,0,0,0,0,1,1,1,0,0,0.6563612818717957,0.6061680316925049,0.6640172600746155,0.486904909213384,0.6663618981838226,0.490541324019432,0,1,0.0,-0.1156267076730728
356,zoom_in,1,0,0,0,0,1,1,1,0,0,0.6646956205368042,0.5041925311088562,0.6641481121381124,0.5062803824742635,0.6630320847034454,0.5058578848838806,0,1,0.0,0.0016653537750244
357,zoom_in,1,0,0,0,0,1,1,1,0,0,0.6489546298980713,0.7120684683322906,0.6615108450253805,0.4301303128401438,0.6674357950687408,0.434583306312561,0,1,0.0,-0.2774851620197296
358,zoom_in,1,0,0,0,0,1,1,1,0,0,0.554410845041275,0.6442272365093231,0.5682470599810282,0.5148534973462423,0.5720329582691193,0.5203976333141327,0,1,0.0,-0.1238296031951904
359,zoom_in,0,0,0,0,0,1,1,1,0,0,0.5650629997253418,0.6392214000225067,0.5715224742889404,0.5634349584579468,0.5725015997886658,0.5207409560680389,0,1,0.0,-0.1184804439544677
360,zoom_in,1,0,0,0,0,1,1,1,0,0,0.5698942542076111,0.6412229537963867,0.5827023784319559,0.5694785714149475,0.5827103555202484,0.5064927637577057,0,1,0.0,-0.134730190038681
361,zoom_in,1,0,0,0,0,1,1,1,0,0,0.5735160410404205,0.6556212306022644,0.5792687932650248,0.5057094097137451,0.5776603817939758,0.5174763798713684,0,1,0.0,-0.138144850730896
362,zoom_in,1,0,0,0,0,1,1,1,0,0,0.5790752172470093,0.628777265548706,0.5844314694404602,0.5359501441319784,0.5810114443302155,0.4959554523229599,0,1,0.0,-0.1328218132257461
363,zoom_in,1,0,0,0,0,1,1,1,1,1,0.8203352391719818,0.5872509479522705,0.8203142682711283,0.5897479852040609,0.8179400265216827,0.591541200876236,0,1,0.0,0.0042902529239654
364,zoom_in,1,0,0,0,0,1,1,1,0,0,0.8152486681938171,0.5869404971599579,0.8375077446301779,0.4482758541901906,0.8297944366931915,0.4310735315084457,0,1,0.0,-0.1558669656515121
365,zoom_in,0,0,0,0,0,1,1,1,0,0,0.8269625902175903,0.5967601239681244,0.8300251960754395,0.498578796784083,0.834886223077774,0.4336904287338257,0,1,0.0,-0.1630696952342987
366,zoom_in,0,0,0,0,0,1,1,1,0,0,0.8293143808841705,0.6010129451751709,0.827193558216095,0.4532001614570617,0.824356347322464,0.4305407404899597,0,1,0.0,-0.1704722046852111
367,zoom_in,1,0,0,0,0,1,1,1,0,0,0.8247539699077606,0.6164402663707733,0.8256253401438395,0.5516713261604309,0.8236186504364014,0.4392381906509399,0,1,0.0,-0.1772020757198333
368,zoom_in,1,0,0,0,0,1,1,1,0,0,0.8275595605373383,0.5790251791477203,0.8288487792015076,0.4290277063846588,0.828037440776825,0.4408250302076339,0,1,0.0,-0.1382001489400863
369,zoom_in,1,0,0,0,0,1,1,1,0,0,0.8297469615936279,0.4464058876037597,0.8255847493807474,0.4734688699245453,0.8314123451709747,0.6030609011650085,0,1,0.0,0.1566550135612487
370,zoom_in,1,0,0,0,0,1,1,1,1,1,0.288988783955574,0.5916332900524139,0.2889084120591481,0.5943004290262858,0.2917065769433975,0.5965241193771362,0,1,0.0,0.0048908293247222
371,zoom_in,1,0,0,0,0,1,1,1,0,0,0.3479597270488739,0.4650857299566269,0.3566546936829884,0.4159129063288371,0.3546392172574997,0.4258815944194793,0,1,0.0,-0.0392041355371475
372,zoom_in,1,0,0,0,0,1,1,1,0,0,0.3433320075273514,0.5894858241081238,0.3548715313275655,0.53267769018809,0.3596276789903641,0.4285105466842651,0,1,0.0,-0.1609752774238586
373,zoom_in,1,0,0,0,0,1,1,1,0,0,0.3404745906591415,0.6034429967403412,0.3496099412441253,0.550419290860494,0.3639116734266281,0.4609672725200653,0,1,0.0,-0.1424757242202758
374,zoom_in,1,0,0,0,0,1,1,1,0,0,0.3476705998182297,0.5945039391517639,0.360592504342397,0.4817479848861694,0.3601532876491546,0.420028880238533,0,1,0.0,-0.1744750589132309
375,zoom_in,0,0,0,0,0,1,1,1,0,0,0.3484889566898346,0.5873148143291473,0.3583078781763713,0.5010112126668295,0.3595699816942215,0.4471074044704437,0,1,0.0,-0.1402074098587036
376,zoom_in,1,0,0,0,0,1,1,1,0,0,0.6392853558063507,0.5632646977901459,0.6525119145711263,0.4724324842294057,0.651580274105072,0.3796680569648742,0,1,0.0,-0.1835966408252716
377,zoom_in,1,0,0,0,0,1,1,1,0,0,0.637164980173111,0.5780491828918457,0.6485124230384827,0.422187606493632,0.6476733982563019,0.4030086100101471,0,1,0.0,-0.1750405728816986
378,zoom_in,1,0,0,0,0,1,1,1,0,0,0.640211820602417,0.5767060816287994,0.6502775152524313,0.4310567080974579,0.6486262083053589,0.4005871713161468,0,1,0.0,-0.1761189103126526
379,zoom_in,1,0,0,0,0,1,1,1,0,0,0.6399840712547302,0.5760166645050049,0.6410898963610331,0.5407986839612325,0.647382527589798,0.4043959528207779,0,1,0.0,-0.171620711684227
380,zoom_in,1,0,0,0,0,1,1,1,0,0,0.643989622592926,0.5729286372661591,0.6434144179026285,0.57451331615448,0.6472686529159546,0.4985752999782562,0,1,0.0,-0.0743533372879028
381,zoom_in,1,0,0,0,0,1,1,1,0,0,0.650091677904129,0.3859123140573501,0.6480268836021423,0.3924176295598348,0.6514652967453003,0.3921464532613754,0,1,0.0,0.0062341392040252
382,zoom_in,1,0,0,0,0,1,1,1,0,0,0.6438021957874298,0.5711674690246582,0.658645510673523,0.466268499692281,0.6563257277011871,0.4057229459285736,0,1,0.0,-0.1654445230960846
383,zoom_in,0,0,0,0,0,1,1,1,0,0,0.6340211629867554,0.3544633537530899,0.6409457921981812,0.1509622981150945,0.6415120959281921,0.1606154143810272,0,1,0.0,-0.1938479393720626
384,zoom_in,1,1,0,0,0,1,1,1,0,0,0.6220552921295166,0.4658801406621933,0.6349939902623495,0.2443001121282577,0.6333045661449432,0.2514690160751343,0,1,0.0,-0.214411124587059
385,zoom_in,1,0,0,0,0,1,1,1,0,0,0.617763102054596,0.4724350571632385,0.6324838002522787,0.2491979499657949,0.6340925097465515,0.259506031870842,0,1,0.0,-0.2129290252923965
386,zoom_in,1,0,0,0,0,1,1,1,0,0,0.616686999797821,0.4643396139144897,0.6215233008066813,0.3559272885322571,0.6227905750274658,0.2609416395425796,0,1,0.0,-0.2033979743719101
387,zoom_in,1,1,0,0,0,1,1,1,0,0,0.6119325160980225,0.4725886434316635,0.6287585298220316,0.2665595114231109,0.625112384557724,0.2642182111740112,0,1,0.0,-0.2083704322576522
388,zoom_in,1,0,0,0,0,1,1,1,0,0,0.5410137176513672,0.5162733793258667,0.5427682598431905,0.4395222862561543,0.5423753261566162,0.4366889297962188,0,1,0.0,-0.0795844495296478
389,zoom_in,1,0,0,0,0,1,1,1,0,0,0.5425677597522736,0.5600186288356781,0.541933516661326,0.4596876104672749,0.5402913093566895,0.4467676877975464,0,1,0.0,-0.1132509410381317
390,zoom_in,1,1,0,0,0,1,1,1,0,0,0.5405515730381012,0.5686377882957458,0.5418052275975546,0.4992256959279378,0.5385509729385376,0.4500191658735275,0,1,0.0,-0.1186186224222183
391,zoom_in,1,1,0,0,0,1,1,1,0,0,0.5361623764038086,0.5625984966754913,0.5360685586929321,0.4438630143801371,0.5370663106441498,0.4441135823726654,0,1,0.0,-0.1184849143028259
392,zoom_in,1,0,0,0,0,1,1,1,0,0,0.5359456837177277,0.5631787776947021,0.5395631988843282,0.4826202690601349,0.5385257303714752,0.4478363841772079,0,1,0.0,-0.1153423935174942
393,zoom_in,1,0,0,0,0,1,1,1,0,0,0.3170059770345688,0.4364277571439743,0.3238873183727264,0.3006982505321502,0.3224264681339264,0.3041664958000183,0,1,0.0,-0.132261261343956
394,zoom_in,1,0,0,0,0,1,1,1,0,0,0.3061310201883316,0.479746550321579,0.3190376957257588,0.3516235947608948,0.3158174008131027,0.326295718550682,0,1,0.0,-0.1534508317708969
395,zoom_in,1,0,0,0,0,1,1,1,0,0,0.3067913055419922,0.4852450639009475,0.3245381514231364,0.3604376415411631,0.3222939670085907,0.3325058817863464,0,1,0.0,-0.1527391821146011
396,zoom_in,0,0,0,0,0,1,1,1,0,0,0.3076959997415542,0.4836730808019638,0.3101903299490611,0.3611878256003062,0.3101863712072372,0.3320198655128479,0,1,0.0,-0.1516532152891159
397,zoom_in,1,0,0,0,0,1,1,1,0,0,0.3006182312965393,0.4861465990543365,0.3072863717873891,0.3296530842781067,0.305711954832077,0.3256939202547073,0,1,0.0,-0.1604526787996292
398,zoom_in,1,0,0,0,0,1,1,1,0,0,0.8233395516872406,0.4100892245769501,0.8224786917368571,0.2764025131861369,0.8267788887023926,0.295550674200058,0,1,0.0,-0.114538550376892
399,zoom_in,1,0,0,0,0,1,1,1,0,0,0.8284958600997925,0.4775743335485458,0.8361925284067789,0.3680684765179952,0.8334851861000061,0.3077179342508316,0,1,0.0,-0.1698563992977142
400,zoom_in,1,0,0,0,0,1,1,1,0,0,0.8294785022735596,0.4755205512046814,0.8302940726280212,0.3494692047437032,0.8303464651107788,0.3088882565498352,0,1,0.0,-0.1666322946548462
401,zoom_in,1,0,0,0,0,1,1,1,0,0,0.8263170123100281,0.4753168672323227,0.8358818491299947,0.3503425419330597,0.8334359228610992,0.3083545714616775,0,1,0.0,-0.1669622957706451
402,zoom_in,1,0,0,0,0,1,1,1,0,0,0.8326274752616882,0.4854278713464737,0.8354046940803528,0.4020142356554667,0.8401544094085693,0.3073297888040542,0,1,0.0,-0.1780980825424194
403,zoom_in,1,0,0,0,0,1,1,1,0,0,0.6288183033466339,0.4237350821495056,0.639270027478536,0.2895270387331645,0.6409176886081696,0.1880557090044021,0,1,0.0,-0.2356793731451034
404,zoom_in,1,0,0,0,0,1,1,1,0,0,0.6023715734481812,0.4448241144418716,0.6271088719367981,0.3354422549406687,0.6355587840080261,0.2568559795618057,0,1,0.0,-0.1879681348800659
405,zoom_in,1,0,0,0,0,1,1,1,0,0,0.606546938419342,0.4728373885154724,0.6285816033681234,0.3316065470377604,0.6379056870937347,0.2240398600697517,0,1,0.0,-0.2487975284457206
406,zoom_in,1,1,0,0,0,1,1,1,0,0,0.6062522530555725,0.4497710168361664,0.6336307724316915,0.3180595338344574,0.6287438273429871,0.250791847705841,0,1,0.0,-0.1989791691303253
407,zoom_in,1,0,0,0,0,1,1,1,0,0,0.5976184606552124,0.4533459991216659,0.6341691017150879,0.2504939138889313,0.6323443651199341,0.2315329164266586,0,1,0.0,-0.2218130826950073
408,zoom_in,0,0,0,0,0,1,1,1,0,0,0.6870852708816528,0.5468729138374329,0.6929278373718262,0.470763345559438,0.6894463002681732,0.3143377751111984,0,1,0.0,-0.2325351387262344
409,zoom_in,0,0,0,0,0,1,1,1,0,0,0.681051105260849,0.6245864629745483,0.6857995589574178,0.3892940084139506,0.5443426370620728,0.4807391911745071,0,1,0.0,-0.1438472718000412
410,zoom_in,0,0,0,0,0,1,1,1,0,0,0.6756429672241211,0.6607685387134552,0.6768332322438558,0.6499172647794088,0.6861406564712524,0.3758727163076401,0,1,0.0,-0.2848958224058151
411,zoom_in,1,0,0,0,0,1,1,1,0,0,0.6780183911323547,0.6182687282562256,0.6943004329999288,0.397818644841512,0.6900092363357544,0.3628095090389251,0,1,0.0,-0.2554592192173004
412,zoom_in,1,0,0,0,0,1,1,1,0,0,0.6771754026412964,0.6458257436752319,0.676649292310079,0.6029810110727946,0.6787323951721191,0.3874036818742752,0,1,0.0,-0.2584220618009567
413,zoom_in,0,0,0,0,0,1,1,1,0,0,0.5786602795124054,0.6661275923252106,0.5798419713973999,0.6239292820294698,0.5792463421821594,0.5448597371578217,0,1,0.0,-0.1212678551673889
414,zoom_in,1,1,0,0,0,1,1,1,0,0,0.579962432384491,0.689948707818985,0.5861740310986837,0.5542725125948588,0.5833630561828613,0.552325040102005,0,1,0.0,-0.1376236677169799
415,zoom_in,1,0,0,0,0,1,1,1,0,0,0.5801140666007996,0.6816887855529785,0.5856388807296753,0.5369405547777811,0.5859405398368835,0.5405653417110443,0,1,0.0,-0.1411234438419342
416,zoom_in,1,0,0,0,0,1,1,1,0,0,0.5750277936458588,0.6738917827606201,0.5759107073148092,0.5621680816014608,0.5799391865730286,0.5353204905986786,0,1,0.0,-0.1385712921619415
417,zoom_in,0,0,0,0,1,1,1,1,0,0,0.5729207396507263,0.6838011145591736,0.5756485859553019,0.608602782090505,0.5785533785820007,0.5455672442913055,0,1,0.0,-0.138233870267868
418,zoom_in,0,0,0,0,0,1,1,1,1,1,0.8660257458686829,0.6507764756679535,0.8628349502881368,0.6491352518399557,0.866663932800293,0.5886855721473694,0,1,0.0,-0.0620909035205841
419,zoom_in,0,0,0,0,0,1,1,1,1,1,0.8658818602561951,0.6725837290287018,0.8757828871409098,0.5452988743782043,0.8656997680664062,0.4975629299879074,0,1,0.0,-0.1750207990407943
420,zoom_in,1,0,0,0,0,1,1,1,1,1,0.8620508909225464,0.6765993535518646,0.8654859264691671,0.5699557065963745,0.8656458854675293,0.4930500388145447,0,1,0.0,-0.1835493147373199
421,zoom_in,1,0,0,0,0,1,1,1,1,1,0.8727076947689056,0.6662778854370117,0.8660683035850525,0.4881996512413025,0.8711974620819092,0.4915317893028259,0,1,0.0,-0.1747460961341858
422,zoom_in,1,1,0,0,0,1,1,1,1,1,0.8646069467067719,0.673994243144989,0.8692019383112589,0.539860208829244,0.8642588257789612,0.4877528846263885,0,1,0.0,-0.1862413585186004
423,zoom_in,1,0,0,0,0,1,1,1,0,0,0.2712624818086624,0.6830863058567047,0.286306083202362,0.5488820473353068,0.280878335237503,0.5150282680988312,0,1,0.0,-0.1680580377578735
424,zoom_in,1,0,0,0,0,1,1,1,0,0,0.2719450443983078,0.6743570268154144,0.2830112973848979,0.4971110721429189,0.2818293869495392,0.5048830807209015,0,1,0.0,-0.1694739460945129
425,zoom_in,0,0,0,0,0,1,1,1,0,0,0.2670047432184219,0.6761155426502228,0.2736774981021881,0.6286496122678121,0.271160215139389,0.5280511975288391,0,1,0.0,-0.1480643451213836
426,zoom_in,1,0,0,0,0,1,1,1,0,0,0.2606343179941177,0.6762157678604126,0.2782488862673442,0.5661701758702596,0.2754361480474472,0.5247515439987183,0,1,0.0,-0.1514642238616943
427,zoom_in,1,0,0,0,0,1,1,1,0,0,0.2617238909006119,0.678657054901123,0.2736518482367198,0.5363256533940634,0.2726137936115265,0.5146389901638031,0,1,0.0,-0.1640180647373199
428,zoom_in,1,0,0,0,0,1,1,1,0,0,0.6417072117328644,0.6156153678894043,0.6558065811793009,0.4836601614952087,0.6574345231056213,0.3463313430547714,0,1,0.0,-0.2692840248346329
429,zoom_in,1,0,0,0,0,1,1,1,0,0,0.6511145830154419,0.6377087533473969,0.654798706372579,0.3732628722985585,0.653335452079773,0.339986965060234,0,1,0.0,-0.2977217882871628
430,zoom_in,1,0,0,0,0,1,1,1,0,0,0.6458593606948853,0.6373853385448456,0.6522678335507711,0.4144387642542521,0.5229294747114182,0.4540923684835434,0,1,0.0,-0.1832929700613021
431,zoom_in,1,0,0,0,0,1,1,1,0,0,0.6417381167411804,0.6275939047336578,0.6368012030919393,0.4505338072776794,0.6462767720222473,0.3499585837125778,0,1,0.0,-0.27763532102108
432,zoom_in,1,0,0,0,0,1,1,1,0,0,0.6411625444889069,0.4482810497283935,0.644796629746755,0.4091135859489441,0.6435666978359222,0.3507090210914612,0,1,0.0,-0.0975720286369323
433,zoom_in,1,0,0,0,0,1,1,1,0,0,0.5526691377162933,0.5415678024291992,0.5625640948613485,0.3978702823321025,0.5561295747756958,0.3302383571863174,0,1,0.0,-0.2113294452428817
434,zoom_in,1,0,0,0,0,1,1,1,0,0,0.545784205198288,0.5580262541770935,0.5699870387713114,0.4885243276755015,0.5661629736423492,0.3544600009918213,0,1,0.0,-0.2035662531852722
435,zoom_in,1,0,0,0,0,1,1,1,0,0,0.5507940053939819,0.5614374279975891,0.5615298748016357,0.4377007186412811,0.5595383942127228,0.3342640250921249,0,1,0.0,-0.2271734029054641
436,zoom_in,1,0,0,0,0,1,1,1,0,0,0.5462782084941864,0.5469942688941956,0.5540732542673746,0.4266706506411235,0.5582181513309479,0.3280236721038818,0,1,0.0,-0.2189705967903137
437,zoom_in,1,0,0,0,0,1,1,1,0,0,0.5572682023048401,0.5484664440155029,0.563486913839976,0.4404472211996714,0.5720299780368805,0.3022761195898056,0,1,0.0,-0.2461903244256973
438,zoom_in,1,0,0,0,0,1,1,1,0,0,0.5028249025344849,0.6151890456676483,0.5123123725255331,0.5669997533162435,0.5157384276390076,0.510308176279068,0,1,0.0,-0.1048808693885803
439,zoom_in,1,0,0,0,0,1,1,1,0,0,0.5036861002445221,0.6335495114326477,0.5128983656565348,0.5741478204727173,0.5135260820388794,0.5047426521778107,0,1,0.0,-0.128806859254837
440,zoom_in,1,0,0,0,0,1,1,1,0,0,0.5046724081039429,0.6353300213813782,0.5106428265571594,0.579728345076243,0.5125030875205994,0.493487000465393,0,1,0.0,-0.1418430209159851
441,zoom_in,1,0,0,0,0,1,1,1,0,0,0.5023029148578644,0.6333633661270142,0.5109227697054545,0.5430452028910319,0.5145359933376312,0.4908845424652099,0,1,0.0,-0.1424788236618042
442,zoom_in,1,0,0,0,0,1,1,1,0,0,0.503820151090622,0.6362070143222809,0.5198380351066589,0.5307464202245077,0.5206325650215149,0.4916589260101318,0,1,0.0,-0.144548088312149
443,zoom_in,1,0,0,0,0,1,1,1,0,0,0.2785726636648178,0.601433664560318,0.3169530928134918,0.4567201932271321,0.316390722990036,0.4471728056669235,0,1,0.0,-0.1542608588933944
444,zoom_in,1,0,0,0,0,1,1,1,0,0,0.270384207367897,0.6154836714267731,0.3047632277011871,0.5182865858078003,0.3155377507209778,0.4532262831926346,0,1,0.0,-0.1622573882341385
445,zoom_in,1,0,0,0,0,1,1,1,0,0,0.2709536254405975,0.6168247163295746,0.2747129003206889,0.5839221080144247,0.3023194223642349,0.4314587712287903,0,1,0.0,-0.1853659451007843
446,zoom_in,1,0,0,0,0,1,1,1,0,0,0.2607480734586715,0.6101509630680084,0.2946751614411672,0.4767300287882487,0.2988185435533523,0.4429728984832763,0,1,0.0,-0.167178064584732
447,zoom_in,1,0,0,0,0,1,1,1,0,0,0.2660442888736725,0.6044153273105621,0.283045878012975,0.549858808517456,0.2949244379997253,0.4456440359354019,0,1,0.0,-0.1587712913751602
448,zoom_in,1,0,0,0,0,1,1,1,0,0,0.7683984339237213,0.5877595245838165,0.779524028301239,0.5232099095980326,0.7875233888626099,0.416680246591568,0,1,0.0,-0.1710792779922485
449,zoom_in,1,0,0,0,0,1,1,1,0,0,0.7658878564834595,0.6093445420265198,0.7691365480422974,0.5883815685907999,0.7780761122703552,0.4250267148017883,0,1,0.0,-0.1843178272247314
450,zoom_in,1,0,0,0,0,1,1,1,0,0,0.7627134621143341,0.5944786965847015,0.7637908458709717,0.589001735051473,0.7843648493289948,0.406201496720314,0,1,0.0,-0.1882771998643875
451,zoom_in,1,0,0,0,0,1,1,1,0,0,0.7574018239974976,0.5925990045070648,0.7675475676854452,0.5445677836736044,0.7870020866394043,0.4123733341693878,0,1,0.0,-0.180225670337677
452,zoom_in,1,0,0,0,0,1,1,1,0,0,0.7665314674377441,0.6107871234416962,0.7674442330996195,0.6087053616841634,0.7778883576393127,0.5313585996627808,0,1,0.0,-0.0794285237789154
453,zoom_in,0,0,0,0,0,1,1,1,0,0,0.7789740562438965,0.4363796561956405,0.7826325297355652,0.4129788478215535,0.782876580953598,0.4195070117712021,0,1,0.0,-0.0168726444244384
454,zoom_in,1,0,0,0,0,1,1,1,0,0,0.564830094575882,0.5295952558517456,0.6042523582776388,0.2846849461396535,0.5967537760734558,0.2653899192810058,0,1,0.0,-0.2642053365707397
455,zoom_in,1,0,0,0,0,1,1,1,0,0,0.552730917930603,0.5452570915222168,0.6035798192024231,0.2971628606319427,0.602458119392395,0.2570127546787262,0,1,0.0,-0.2882443368434906
456,zoom_in,1,0,0,0,0,1,1,1,0,0,0.5492718815803528,0.5387765467166901,0.579768160978953,0.4127705295880635,0.597672313451767,0.275791585445404,0,1,0.0,-0.262984961271286
457,zoom_in,1,0,0,0,0,1,1,1,0,0,0.549281120300293,0.5384201407432556,0.5724287430445353,0.4159645438194275,0.5890696346759796,0.263200432062149,0,1,0.0,-0.2752197086811065
458,zoom_in,0,0,0,0,0,1,1,1,0,0,0.5900942385196686,0.4362734109163284,0.5774081548055013,0.4570848743120829,0.5911234021186829,0.3119800686836242,0,1,0.0,-0.1242933422327041
459,zoom_in,0,0,0,0,0,1,1,1,0,0,0.5813319087028503,0.5614004135131836,0.5809109608332316,0.4326020181179046,0.5877303183078766,0.3219438791275024,0,1,0.0,-0.2394565343856811
460,zoom_in,0,1,0,0,0,1,1,1,0,0,0.5768636763095856,0.5657341778278351,0.5874881545702616,0.4401433269182841,0.595162570476532,0.30711729824543,0,1,0.0,-0.2586168795824051
461,zoom_in,1,0,0,0,0,1,1,1,0,0,0.579222172498703,0.564514696598053,0.5829935868581136,0.4471019407113393,0.5894688367843628,0.322479784488678,0,1,0.0,-0.242034912109375
462,zoom_in,0,0,0,0,0,1,1,1,0,0,0.576833575963974,0.5596634745597839,0.5849883953730265,0.458813339471817,0.5852684080600739,0.3322333991527557,0,1,0.0,-0.2274300754070282
463,zoom_in,1,0,0,0,0,1,1,1,0,0,0.5429752469062805,0.560267835855484,0.5394742488861084,0.5111792087554932,0.5397180914878845,0.4553966224193573,0,1,0.0,-0.1048712134361267
464,zoom_in,0,0,0,0,0,1,1,1,0,0,0.5276441872119904,0.6224351227283478,0.5350113113721212,0.5478734374046326,0.5416711568832397,0.4734424948692322,0,1,0.0,-0.1489926278591156
465,zoom_in,1,0,0,0,0,1,1,1,0,0,0.5231977701187134,0.619352400302887,0.5311099092165629,0.5679405132929484,0.5351257920265198,0.4657659530639648,0,1,0.0,-0.1535864472389221
466,zoom_in,0,0,0,0,0,1,1,1,1,1,0.5212971270084381,0.6224846243858337,0.5272852778434753,0.548097550868988,0.5356822311878204,0.4747572243213653,0,1,0.0,-0.1477274000644683
467,zoom_in,0,0,0,0,0,1,1,1,1,0,0.527716189622879,0.6288644969463348,0.5289976994196574,0.4677297274271647,0.5278395116329193,0.4748042523860931,0,1,0.0,-0.1540602445602417
468,zoom_in,1,1,0,0,0,1,1,1,0,0,0.2995880544185638,0.5510347783565521,0.2840280532836914,0.5875380039215088,0.3102942258119583,0.4286943674087524,0,1,0.0,-0.1223404109477996
469,zoom_in,1,1,0,0,0,1,1,1,1,0,0.2766907215118408,0.6216815114021301,0.2844071586926778,0.5868372718493143,0.2992149442434311,0.4547001868486404,0,1,0.0,-0.1669813245534896
470,zoom_in,1,1,0,0,0,1,1,1,1,0,0.2661583423614502,0.6224479377269745,0.2930384476979573,0.5344821810722351,0.3032161295413971,0.4257830083370209,0,1,0.0,-0.1966649293899536
471,zoom_in,1,0,0,0,0,1,1,1,1,1,0.2648787200450897,0.6084949970245361,0.282931238412857,0.5233957171440125,0.2903466522693634,0.4436029493808746,0,1,0.0,-0.1648920476436615
472,zoom_in,1,1,0,0,0,1,1,1,0,0,0.2612438201904297,0.6026561260223389,0.2714553475379944,0.5365830461184183,0.2844597846269607,0.4458973705768585,0,1,0.0,-0.1567587554454803
473,zoom_in,0,0,0,0,0,1,1,1,0,0,0.858658641576767,0.4976480156183243,0.8520658214886984,0.5563297271728516,0.8558099567890167,0.3921442627906799,0,1,0.0,-0.1055037528276443
474,zoom_in,0,0,0,0,0,1,1,1,0,0,0.8518118560314178,0.5761810839176178,0.8561616142590841,0.4907286167144775,0.8500509262084961,0.376966267824173,0,1,0.0,-0.1992148160934448
475,zoom_in,0,0,0,0,0,1,1,1,1,0,0.85505810379982,0.5725428760051727,0.8617010712623596,0.4507120052973429,0.8581011891365051,0.3915446251630783,0,1,0.0,-0.1809982508420944
476,zoom_in,0,0,0,0,0,1,1,1,0,0,0.8467583954334259,0.571591854095459,0.8551660180091858,0.5058131416638693,0.8544737696647644,0.3809766918420791,0,1,0.0,-0.1906151622533798
477,zoom_in,1,0,0,0,0,1,1,1,1,1,0.8605524599552155,0.5790691375732422,0.8633196552594503,0.5115843415260315,0.8661215007305145,0.3874985575675964,0,1,0.0,-0.1915705800056457
478,zoom_in,0,0,0,0,0,1,1,1,0,0,0.6098461747169495,0.5612559914588928,0.6245531439781189,0.4456322093804677,0.6301719844341278,0.3425308912992477,0,1,0.0,-0.218725100159645
479,zoom_in,0,0,0,0,0,1,1,1,0,0,0.6060401499271393,0.5651361048221588,0.6151262521743774,0.4396895666917165,0.6244735419750214,0.3306527882814407,0,1,0.0,-0.234483316540718
480,zoom_in,0,0,0,0,0,1,1,1,0,0,0.6105968952178955,0.5266917049884796,0.6365222334861755,0.4336884319782257,0.6448723673820496,0.3095923811197281,0,1,0.0,-0.2170993238687515
481,zoom_in,0,0,0,0,0,1,1,1,0,0,0.6054337024688721,0.5344361960887909,0.613784114519755,0.4427370727062225,0.6166407763957977,0.3108121156692505,0,1,0.0,-0.2236240804195404
482,zoom_in,1,0,0,0,0,1,1,1,0,0,0.6084878146648407,0.5602899789810181,0.6261948545773824,0.4572296837965647,0.63494011759758,0.3382697701454162,0,1,0.0,-0.2220202088356018
483,rotate_right,1,0,0,0,0,1,1,0,0,0,0.5356749594211578,0.4043226987123489,0.6764479080835978,0.3888720571994781,0.734929233789444,0.3994237780570984,1,0,0.1992542743682861,0.0
484,rotate_right,1,0,0,0,0,1,1,0,0,0,0.5476982295513153,0.4221763163805008,0.6510043740272522,0.4049471318721771,0.7264703214168549,0.4100838899612427,1,0,0.1787720918655395,0.0
485,rotate_right,0,0,0,0,0,1,1,0,0,0,0.5639297962188721,0.4197771251201629,0.6694032748540243,0.4135862092177073,0.7324447333812714,0.413774773478508,1,0,0.1685149371623993,0.0
486,rotate_right,0,0,0,0,0,1,1,0,0,0,0.5637224316596985,0.4194661527872085,0.6696928342183431,0.4112208088239034,0.7411944568157196,0.4136265963315964,1,0,0.1774720251560211,0.0
487,rotate_right,1,0,0,0,0,1,1,0,0,0,0.5510638654232025,0.4165984392166137,0.6755955616633097,0.4107469320297241,0.7412467002868652,0.4108166098594665,1,0,0.1901828348636627,0.0
488,rotate_right,1,0,0,0,0,1,1,0,0,0,0.5461057424545288,0.568075567483902,0.614334503809611,0.5557180444399515,0.650032252073288,0.5595903396606445,1,0,0.1039265096187591,0.0
489,rotate_right,0,0,0,0,0,1,1,0,0,0,0.553600013256073,0.5655348002910614,0.5962918202082316,0.5610006848971049,0.6547572612762451,0.5619390606880188,1,0,0.1011572480201721,0.0
490,rotate_right,0,0,0,0,0,1,1,0,0,0,0.5564778447151184,0.557150274515152,0.624559740225474,0.5544772744178772,0.6620636880397797,0.5560134649276733,1,0,0.1055858433246612,0.0
491,rotate_right,1,0,0,0,0,1,1,0,0,0,0.5493589341640472,0.5612704753875732,0.6186980207761129,0.5645440022150675,0.6500293612480164,0.5602887272834778,1,0,0.1006704270839691,0.0
492,rotate_right,1,0,0,0,0,1,1,0,0,0,0.5562206208705902,0.5514360070228577,0.6261041959126791,0.5559846758842468,0.6639702320098877,0.5599789321422577,1,0,0.1077496111392974,0.0
493,rotate_right,1,0,0,0,0,1,1,0,0,0,0.2739670723676681,0.520776629447937,0.350020279486974,0.5097501675287882,0.4066044986248016,0.513288676738739,1,0,0.1326374262571334,0.0
494,rotate_right,1,0,0,0,0,1,1,0,0,0,0.280227467417717,0.5139406025409698,0.3619209428628285,0.5074123740196228,0.3958560675382614,0.514615535736084,1,0,0.1156286001205444,0.0
495,rotate_right,1,0,0,0,0,1,1,0,0,0,0.2813177555799484,0.5101475715637207,0.3492601811885834,0.5062179366747538,0.4058278948068619,0.51517254114151,1,0,0.1245101392269134,0.0
496,rotate_right,0,0,0,0,0,1,1,0,0,0,0.2652072310447693,0.517407238483429,0.3388307193915049,0.5152265230814616,0.3835145086050033,0.5167354047298431,1,0,0.118307277560234,0.0
497,rotate_right,0,0,0,0,0,1,1,0,0,0,0.2617040425539017,0.5136291682720184,0.3441346685091654,0.5137026508649191,0.3803262710571289,0.5188187658786774,1,0,0.1186222285032272,0.0
498,rotate_right,1,0,0,0,0,1,1,0,0,0,0.7991749346256256,0.5096826553344727,0.861055870850881,0.5103002786636353,0.8966317176818848,0.5184929072856903,1,0,0.0974567830562591,0.0
499,rotate_right,1,0,0,0,0,1,1,0,0,0,0.7934316098690033,0.522351086139679,0.8474732438723246,0.5217783649762472,0.8857968747615814,0.5266272127628326,1,0,0.0923652648925781,0.0
500,rotate_right,1,0,0,0,0,1,1,0,0,0,0.7967869639396667,0.526673823595047,0.8540924390157064,0.5241644978523254,0.8823632299900055,0.5262775719165802,1,0,0.0855762660503387,0.0
501,rotate_right,1,0,0,0,0,1,1,0,0,0,0.8031026422977448,0.5360074043273926,0.8426571488380432,0.537865161895752,0.885064572095871,0.5418891608715057,1,0,0.0819619297981262,0.0
502,rotate_right,0,0,0,0,0,1,1,0,0,0,0.7983908653259277,0.5395783185958862,0.855146070321401,0.5350475708643595,0.8846849203109741,0.5338432490825653,1,0,0.0862940549850463,0.0
503,rotate_right,1,0,0,0,0,1,1,0,0,0,0.513500839471817,0.4286182969808578,0.6053173144658407,0.4194736083348592,0.6433921158313751,0.4287265688180923,1,0,0.1298912763595581,0.0
504,rotate_right,1,0,0,0,0,1,1,0,0,0,0.5190073549747467,0.4440363198518753,0.5858493447303772,0.4380807876586914,0.6499242782592773,0.4398158937692642,1,0,0.1309169232845306,0.0
505,rotate_right,1,0,0,0,0,1,1,0,0,0,0.5256975591182709,0.4522283971309662,0.5954299767812093,0.4430479605992635,0.6613559126853943,0.4543799757957458,1,0,0.1356583535671234,0.0
506,rotate_right,0,0,0,0,0,1,1,0,0,0,0.5270320475101471,0.4560040086507797,0.6118845144907633,0.458879937728246,0.6723460555076599,0.4600593447685241,1,0,0.1453140079975128,0.0
507,rotate_right,1,0,0,0,0,1,1,0,0,0,0.5189346969127655,0.4569844305515289,0.585101306438446,0.4490473965803782,0.6886730194091797,0.4534845203161239,1,0,0.1697383224964141,0.0
508,rotate_right,0,0,0,0,0,1,1,1,1,1,0.5730339586734772,0.509251207113266,0.5733308593432108,0.5080774426460266,0.5715674459934235,0.5117039382457733,0,1,0.0,0.0024527311325073
509,rotate_right,0,0,0,0,0,1,1,0,0,0,0.5803126692771912,0.5085541605949402,0.5940213998158773,0.5049988826115926,0.6918795108795166,0.5223195552825928,1,0,0.1115668416023254,0.0
510,rotate_right,0,0,0,0,0,1,1,0,0,0,0.5684304237365723,0.5090401768684387,0.6413846214612325,0.5097917318344116,0.6844334304332733,0.5295194089412689,1,0,0.116003006696701,0.0
511,rotate_right,1,0,0,0,0,1,1,0,0,0,0.5659969747066498,0.5075556039810181,0.5988312760988871,0.5057852466901144,0.7009986937046051,0.5383177995681763,1,0,0.1350017189979553,0.0
512,rotate_right,1,0,0,0,0,1,1,0,0,0,0.5713431239128113,0.5065407156944275,0.6418608824412028,0.506116509437561,0.70526123046875,0.5357217192649841,1,0,0.1339181065559387,0.0
513,rotate_right,1,0,0,0,0,1,1,0,0,0,0.5625194013118744,0.5067685842514038,0.6083012819290161,0.5110809604326884,0.6726652383804321,0.5248120129108429,1,0,0.1101458370685577,0.0
514,rotate_right,0,0,0,0,0,1,1,0,0,0,0.5144023597240448,0.6115580499172211,0.5188774466514587,0.6095291376113892,0.566237211227417,0.621291995048523,1,0,0.0518348515033721,0.0
515,rotate_right,0,0,0,0,0,1,1,0,0,0,0.5181788802146912,0.6157307922840118,0.5013562440872192,0.6126477320988973,0.578437864780426,0.6171212494373322,1,0,0.0602589845657348,0.0
516,rotate_right,1,0,0,0,0,1,1,0,0,0,0.509995698928833,0.6119828224182129,0.5350118080774943,0.6135902802149454,0.5698843896389008,0.6227219700813293,1,0,0.0598886907100677,0.0
517,rotate_right,1,0,0,0,0,1,1,0,0,0,0.504171222448349,0.6100737750530243,0.5305185317993164,0.6130485932032267,0.5683241188526154,0.6236512959003448,1,0,0.0641528964042663,0.0
518,rotate_right,1,0,0,0,0,1,1,0,0,0,0.5045163035392761,0.6065134108066559,0.5292661388715109,0.6070154110590616,0.5743072926998138,0.6225142180919647,1,0,0.0697909891605377,0.0
519,rotate_right,1,0,0,0,0,1,1,0,0,0,0.2887797951698303,0.5730633735656738,0.2902661263942718,0.5708067814509074,0.3639259487390518,0.5872544050216675,1,0,0.0751461535692215,0.0
520,rotate_right,1,0,0,0,0,1,1,0,0,0,0.2698417007923126,0.5731698274612427,0.3089232345422109,0.5770201285680135,0.353634774684906,0.5915905237197876,1,0,0.0837930738925933,0.0
521,rotate_right,0,0,0,0,0,1,1,0,0,0,0.277178481221199,0.5685591399669647,0.301198939482371,0.5725909471511841,0.3596792221069336,0.5945021212100983,1,0,0.0825007408857345,0.0
522,rotate_right,0,0,0,0,0,1,1,0,0,0,0.271635964512825,0.5635741353034973,0.3299394150575002,0.579491118590037,0.347993865609169,0.5902953147888184,1,0,0.076357901096344,0.0
523,rotate_right,0,0,0,0,0,1,1,0,0,0,0.2675267904996872,0.5665532648563385,0.3160051902135213,0.5691036979357401,0.3622170686721802,0.5909633040428162,1,0,0.0946902781724929,0.0
524,rotate_right,0,0,0,0,0,1,1,0,0,0,0.8073318600654602,0.5560322105884552,0.8520947098731995,0.5555495421091715,0.8717894554138184,0.5549895465373993,1,0,0.0644575953483581,0.0
525,rotate_right,0,0,0,0,0,1,1,0,0,0,0.8058625161647797,0.5574511289596558,0.8108275930086771,0.557134727636973,0.8802401423454285,0.5652583539485931,1,0,0.0743776261806488,0.0
526,rotate_right,0,0,0,0,0,1,1,0,0,0,0.801495224237442,0.5583334267139435,0.8194219271341959,0.5548924009005228,0.8897686302661896,0.5680117011070251,1,0,0.0882734060287475,0.0
527,rotate_right,0,0,0,0,0,1,1,0,0,0,0.8070879876613617,0.5628000199794769,0.8430067896842957,0.5602772235870361,0.8903393149375916,0.5716604292392731,1,0,0.0832513272762298,0.0
528,rotate_right,0,0,0,0,0,1,1,0,0,0,0.8068409860134125,0.5651436150074005,0.8270463943481445,0.5590310096740723,0.8878020644187927,0.5681707262992859,1,0,0.0809610784053802,0.0
529,rotate_right,0,0,0,0,0,1,1,0,0,0,0.5789737701416016,0.4829365015029907,0.5699059367179871,0.4831010202566783,0.6349729597568512,0.4845806658267975,1,0,0.0559991896152496,0.0
530,rotate_right,0,0,0,0,0,1,1,0,0,0,0.5686628222465515,0.4755328297615051,0.5689176519711813,0.4746623833974202,0.6796590387821198,0.4864397346973419,1,0,0.1109962165355682,0.0
531,rotate_right,0,0,0,0,0,1,1,0,0,0,0.5725351870059967,0.4744568020105362,0.5817248821258545,0.4729358156522115,0.7092464566230774,0.4964127540588379,1,0,0.1367112696170807,0.0
532,rotate_right,0,0,0,0,0,1,1,0,0,0,0.5774869918823242,0.4768972247838974,0.5765249331792196,0.4778072834014892,0.576992392539978,0.4759223759174347,0,1,0.0,-0.0009748488664627
533,rotate_right,0,0,0,0,0,1,1,0,0,0,0.5781327188014984,0.4781683534383774,0.5852790673573812,0.4795319040616353,0.7137993276119232,0.504118949174881,1,0,0.1356666088104248,0.0
534,rotate_right,0,0,0,0,0,1,1,0,0,0,0.6337714493274689,0.5104654431343079,0.6713241338729858,0.5213351845741272,0.8085740804672241,0.5115405917167664,1,0,0.1748026311397552,0.0
535,rotate_right,0,0,0,0,0,1,1,0,0,0,0.6110382676124573,0.5301619172096252,0.7789803544680277,0.5319798787434896,0.8020870685577393,0.5233398973941803,1,0,0.1910488009452819,0.0
536,rotate_right,0,0,0,0,0,1,1,0,0,0,0.6105639040470123,0.5299521088600159,0.668654998143514,0.5221774578094482,0.7870409190654755,0.5401509404182434,1,0,0.1764770150184631,0.0
537,rotate_right,0,0,0,0,0,1,1,0,0,0,0.6099096536636353,0.5154193341732025,0.7160330017407736,0.5185582240422567,0.7871446013450623,0.5162344872951508,1,0,0.177234947681427,0.0
538,rotate_right,0,0,0,0,0,1,1,0,0,0,0.609081894159317,0.5158669054508209,0.7205328345298767,0.5256885091463724,0.7864504158496857,0.5221894979476929,1,0,0.1773685216903686,0.0
539,rotate_right,1,0,0,0,0,1,1,0,0,0,0.5270428359508514,0.6195782124996185,0.5718053579330444,0.6156628727912903,0.5924908220767975,0.6241136491298676,1,0,0.065447986125946,0.0
540,rotate_right,1,0,0,0,0,1,1,0,0,0,0.520153284072876,0.6204238533973694,0.5654714703559875,0.6230433980623881,0.5935782790184021,0.6227881908416748,1,0,0.0734249949455261,0.0
541,rotate_right,1,0,0,0,0,1,1,0,0,0,0.5259115993976593,0.623982846736908,0.5542751948038737,0.6241674621899923,0.6018112301826477,0.6271657347679138,1,0,0.0758996307849884,0.0
542,rotate_right,1,0,0,0,0,1,1,0,0,0,0.5346385538578033,0.6260111629962921,0.5720800558725992,0.6303602059682211,0.6105932891368866,0.6315120458602905,1,0,0.0759547352790832,0.0
543,rotate_right,1,0,0,0,0,1,1,0,0,0,0.5312692821025848,0.6248658895492554,0.5692606767018636,0.626674214998881,0.6112143397331238,0.628714919090271,1,0,0.0799450576305389,0.0
544,rotate_right,1,0,0,0,0,1,1,0,0,0,0.8074765205383301,0.6175038814544678,0.8115536967913309,0.6142748395601908,0.8709774017333984,0.6183334290981293,1,0,0.0635008811950683,0.0
545,rotate_right,0,0,0,0,0,1,1,0,0,0,0.7970031499862671,0.6216414868831635,0.8538950085639954,0.6218740741411845,0.8738647997379303,0.61776402592659,1,0,0.0768616497516632,0.0
546,rotate_right,0,0,0,0,0,1,1,0,0,0,0.8032708466053009,0.6213136911392212,0.87195352713267,0.6189062198003134,0.8838898241519928,0.6187846660614014,1,0,0.0806189775466919,0.0
547,rotate_right,0,0,0,0,0,1,1,0,0,0,0.8054107129573822,0.6243006885051727,0.8652568062146505,0.624599814414978,0.8825748264789581,0.6218324899673462,1,0,0.0771641135215759,0.0
548,rotate_right,0,0,0,0,0,1,1,0,0,0,0.8002603650093079,0.6223884224891663,0.8570223251978556,0.6234530409177145,0.8762073814868927,0.6194662153720856,1,0,0.0759470164775848,0.0
549,rotate_right,1,0,0,0,0,1,1,0,0,0,0.2212919741868972,0.6154235005378723,0.2658839325110118,0.617278536160787,0.2897739857435226,0.6161930859088898,1,0,0.0684820115566253,0.0
550,rotate_right,1,0,0,0,0,1,1,0,0,0,0.2114142179489135,0.6175235509872437,0.2226008673508962,0.6154930194218954,0.2935747355222702,0.6168253719806671,1,0,0.0821605175733566,0.0
551,rotate_right,1,1,0,0,0,1,1,0,0,0,0.2193470150232315,0.6171285510063171,0.2612948715686798,0.6168203949928284,0.2851341366767883,0.6157531142234802,1,0,0.0657871216535568,0.0
552,rotate_right,1,0,0,0,0,1,1,0,0,0,0.2104392945766449,0.6219762861728668,0.2653333842754364,0.6212773521741232,0.2822618633508682,0.6160880029201508,1,0,0.0718225687742233,0.0
553,rotate_right,1,0,0,0,0,1,1,0,0,0,0.2178722843527794,0.6233384609222412,0.2384055902560552,0.617724080880483,0.2836745679378509,0.6214815080165863,1,0,0.0658022835850715,0.0
554,rotate_right,1,0,0,0,0,1,1,0,0,0,0.6312730312347412,0.492586076259613,0.7027234435081482,0.4963938494523366,0.7519717514514923,0.5133549273014069,1,0,0.1206987202167511,0.0
555,rotate_right,1,0,0,0,0,1,1,0,0,0,0.6171999275684357,0.511541485786438,0.6622417171796163,0.5031617681185404,0.5704772919416428,0.5021150559186935,1,0,-0.0467226356267929,0.0
556,rotate_right,1,0,0,0,0,1,1,0,0,0,0.6210997104644775,0.5177127122879028,0.7166410088539124,0.5145707130432129,0.5691192448139191,0.5099163353443146,1,0,-0.0519804656505584,0.0
557,rotate_right,0,0,0,0,0,1,1,0,0,0,0.6090454161167145,0.5247575342655182,0.6954306165377299,0.5268323024113973,0.7421812117099762,0.5269644856452942,1,0,0.1331357955932617,0.0
558,rotate_right,1,0,0,0,0,1,1,0,0,0,0.6092159152030945,0.5223748981952667,0.7030526002248129,0.5231733520825704,0.7567652463912964,0.5199765563011169,1,0,0.1475493311882019,0.0
559,rotate_right,0,0,0,0,0,1,0,0,0,0,0.548297107219696,0.3048687726259231,0.739863375822703,0.3191628754138946,0.7380450367927551,0.3214206546545028,1,0,0.189747929573059,0.0
560,rotate_right,1,0,0,0,0,1,1,0,0,0,0.5442926585674286,0.2768505364656448,0.7516400019327799,0.2945444583892822,0.7514940202236176,0.2869174480438232,1,0,0.2072013616561889,0.0
561,rotate_right,0,0,0,0,0,1,1,1,0,0,0.668893039226532,0.2786771655082702,0.7843576471010844,0.3108834822972615,0.7801736295223236,0.3078649193048477,1,0,0.1112805902957916,0.0
562,rotate_right,0,0,0,0,0,1,1,0,0,0,0.5661593079566956,0.3110963851213455,0.5692974726359049,0.4097594817479451,0.7630513906478882,0.4018099457025528,1,0,0.1968920826911926,0.0
563,rotate_right,1,0,0,0,0,1,1,0,0,0,0.5436260402202606,0.3698143064975738,0.6407623092333475,0.3906450966993968,0.7713424861431122,0.4017906188964844,1,0,0.2277164459228515,0.0
564,rotate_right,1,0,0,0,0,1,1,0,0,0,0.5270634591579437,0.3715288192033767,0.63479216893514,0.380563884973526,0.7435942888259888,0.3773365616798401,1,0,0.216530829668045,0.0
565,rotate_right,1,0,0,0,0,1,1,0,0,0,0.4893549978733063,0.5685649216175079,0.5406878590583801,0.5723646680514017,0.5863347351551056,0.5734505355358124,1,0,0.0969797372817993,0.0
566,rotate_right,1,0,0,0,0,1,1,0,0,0,0.4806083589792251,0.569561779499054,0.5514040589332581,0.5795362591743469,0.5897414088249207,0.5799570381641388,1,0,0.1091330498456955,0.0
567,rotate_right,0,0,0,0,0,1,1,0,0,0,0.4784447103738785,0.5649094879627228,0.5102269450823466,0.5663676261901855,0.5895722806453705,0.573297381401062,1,0,0.111127570271492,0.0
568,rotate_right,1,0,0,0,0,1,1,0,0,0,0.4863960146903991,0.559424102306366,0.5459833145141602,0.5617556174596151,0.591256320476532,0.5606894791126251,1,0,0.1048603057861328,0.0
569,rotate_right,1,0,0,0,0,1,1,0,0,0,0.4828397184610367,0.5610752999782562,0.5356190999348959,0.5629254380861918,0.5858058631420135,0.5646187365055084,1,0,0.1029661446809768,0.0
570,rotate_right,1,0,0,0,0,1,1,0,0,0,0.3214442431926727,0.4681436121463775,0.3595299224058787,0.4718057811260223,0.3973836749792099,0.4793716818094253,1,0,0.0759394317865371,0.0
571,rotate_right,1,0,0,0,0,1,1,0,0,0,0.2458783015608787,0.4716822803020477,0.3168062965075175,0.4783373574415843,0.3761975169181824,0.4832828640937805,1,0,0.1303192153573036,0.0
572,rotate_right,1,0,0,0,0,1,1,0,0,0,0.2417997643351555,0.4696524292230606,0.3073374032974243,0.4826350808143616,0.3562264591455459,0.4853528887033462,1,0,0.1144266948103904,0.0
573,rotate_right,1,0,0,0,0,1,1,0,0,0,0.3537067472934723,0.4803395718336105,0.3530281285444895,0.4803121984004974,0.3527467101812362,0.4806737750768661,1,0,-0.000960037112236,0.0
574,rotate_right,1,0,0,0,0,1,1,0,0,0,0.2412080615758896,0.4687339067459106,0.3127388954162597,0.4833389123280843,0.3777683079242706,0.489363357424736,1,0,0.136560246348381,0.0
575,rotate_right,1,0,0,0,0,1,1,1,0,0,0.2397076189517974,0.4643796533346176,0.3415330251057942,0.4800086418787638,0.3710434138774872,0.4801649004220962,1,0,0.1313357949256897,0.0
576,rotate_right,1,0,0,0,0,1,1,0,0,0,0.7275729775428772,0.4805973470211029,0.796303411324819,0.4930218458175659,0.8330835700035095,0.4937793463468551,1,0,0.1055105924606323,0.0
577,rotate_right,0,0,0,0,0,1,1,0,0,0,0.7016320824623108,0.4824721068143844,0.7735989689826965,0.4813122749328613,0.8332877457141876,0.4832342267036438,1,0,0.1316556632518768,0.0
578,rotate_right,0,0,0,0,0,1,1,0,0,0,0.6963626146316528,0.475993663072586,0.7556766072909037,0.4762593110402425,0.8287875056266785,0.4797550588846206,1,0,0.1324248909950256,0.0
579,rotate_right,1,0,0,0,0,1,1,0,0,0,0.7007039785385132,0.4704372137784958,0.7837780316670736,0.4784947335720062,0.832507461309433,0.4790759235620498,1,0,0.1318034827709198,0.0
580,rotate_right,1,0,0,0,0,1,1,0,0,0,0.6948729455471039,0.4706938713788986,0.7502286235491434,0.4720281958580017,0.8237515985965729,0.4831371009349823,1,0,0.128878653049469,0.0
581,rotate_right,1,0,0,0,0,1,1,0,0,0,0.6870036721229553,0.4749273061752319,0.7490543723106384,0.478169063727061,0.8236587345600128,0.4854407906532287,1,0,0.1366550624370575,0.0
582,rotate_right,1,0,0,0,0,1,1,0,0,0,0.5210732221603394,0.3290759027004242,0.6029670238494873,0.3331074118614197,0.69112628698349,0.3373470157384872,1,0,0.1700530648231506,0.0
583,rotate_right,1,0,0,0,0,1,1,0,0,0,0.5058321952819824,0.3190406858921051,0.5069888631502787,0.3216597040494283,0.5106495022773743,0.3224294483661651,1,0,0.0048173069953918,0.0
584,rotate_right,0,0,0,0,0,1,1,0,0,0,0.5528400540351868,0.3255499303340912,0.6927257974942526,0.3468447923660278,0.6906159222126007,0.3458859324455261,1,0,0.1377758681774139,0.0
585,rotate_right,1,0,0,0,0,1,1,0,0,0,0.5181978642940521,0.3211274743080139,0.609060009320577,0.3365198274453481,0.6907769441604614,0.346319630742073,1,0,0.1725790798664093,0.0
586,rotate_right,0,0,0,0,0,1,1,0,0,0,0.5188532173633575,0.3256679177284241,0.6684775948524475,0.3489517072836558,0.6942658424377441,0.3542350828647613,1,0,0.1754126250743866,0.0
587,rotate_right,0,1,1,1,1,1,1,1,1,1,0.6363869905471802,0.8958988785743713,0.6356365084648132,0.8984725077946981,0.6776793003082275,0.8770963847637177,1,0,0.0412923097610473,0.0
588,rotate_right,1,0,0,0,0,1,1,1,1,1,0.6143216490745544,0.4310379177331924,0.6009138425191244,0.4438810845216115,0.7544834911823273,0.4376186579465866,1,0,0.1401618421077728,0.0
589,rotate_right,0,0,0,0,0,1,1,0,0,0,0.5931105315685272,0.440904438495636,0.6006607015927633,0.442596952120463,0.7521393001079559,0.4469768106937408,1,0,0.1590287685394287,0.0
590,rotate_right,0,0,0,0,0,1,1,0,0,0,0.593119353055954,0.4452699422836303,0.6440415581067404,0.441145400206248,0.732271283864975,0.4492391943931579,1,0,0.139151930809021,0.0
591,rotate_right,0,0,0,0,0,1,1,0,0,0,0.5735318064689636,0.4482009261846542,0.6861845453580221,0.448099821805954,0.7389695942401886,0.4463389813899994,1,0,0.1654377877712249,0.0
592,rotate_right,1,0,0,0,0,1,1,0,0,0,0.5973605215549469,0.4518144279718399,0.6459023753801981,0.4721507827440898,0.5616912841796875,0.5231835246086121,0,1,0.0,0.0713690966367721
593,rotate_right,0,0,0,0,0,1,1,0,0,0,0.5211081504821777,0.6084358990192413,0.5472835699717203,0.6141321659088135,0.6086263060569763,0.6133549511432648,1,0,0.0875181555747985,0.0
594,rotate_right,0,0,0,0,0,1,1,0,0,0,0.5270521342754364,0.613078236579895,0.5626510977745056,0.6152324676513672,0.599439263343811,0.6188974678516388,1,0,0.0723871290683746,0.0
595,rotate_right,0,0,0,0,0,1,1,0,0,0,0.5199828445911407,0.6152187883853912,0.5206090013186137,0.6137414773305258,0.6034942269325256,0.6170616447925568,1,0,0.0835113823413848,0.0
596,rotate_right,0,0,0,0,0,1,1,0,0,0,0.526110827922821,0.6133961975574493,0.5244988997777303,0.6123998363812765,0.5985683798789978,0.6224092245101929,1,0,0.0724575519561767,0.0
597,rotate_right,0,0,0,0,0,1,1,0,0,0,0.7940401136875153,0.5703361630439758,0.788785715897878,0.5734257896741232,0.8596861362457275,0.5757036805152893,1,0,0.0656460225582122,0.0
598,rotate_right,0,0,0,0,0,1,1,0,0,0,0.7584170997142792,0.567489355802536,0.8664352496465048,0.5749043226242065,0.8641490638256073,0.5744343996047974,1,0,0.1057319641113281,0.0
599,rotate_right,0,0,0,0,0,1,1,0,0,0,0.7568598687648773,0.5607178211212158,0.8462116916974386,0.5728421211242676,0.8607416749000549,0.5731001198291779,1,0,0.1038818061351776,0.0
600,rotate_right,0,0,0,0,0,1,1,0,0,0,0.7461311221122742,0.5582350194454193,0.74200306336085,0.5640682379404703,0.8646285533905029,0.57469642162323,1,0,0.1184974312782287,0.0
601,rotate_right,0,0,0,0,0,1,1,0,0,0,0.7407494485378265,0.5681498944759369,0.7665501634279887,0.566538135210673,0.7593903243541718,0.5632772445678711,1,0,0.0186408758163452,0.0
602,rotate_right,0,0,0,0,0,1,1,0,0,0,0.7427985966205597,0.5776554942131042,0.6517659823099772,0.5715017716089884,0.5992169380187988,0.5789109170436859,1,0,-0.1435816586017608,0.0
603,rotate_right,0,0,0,0,0,1,1,0,0,0,0.282267764210701,0.5644120872020721,0.3690399726231892,0.5686037143071493,0.3994025141000747,0.568963497877121,1,0,0.1171347498893737,0.0
604,rotate_right,0,0,0,0,0,1,1,0,0,0,0.2718379497528076,0.5534960925579071,0.3525206446647644,0.5593341390291849,0.4020654708147049,0.5611113011837006,1,0,0.1302275210618972,0.0
605,rotate_right,0,0,0,0,0,1,1,0,0,0,0.2761724293231964,0.5527303814888,0.3902788758277893,0.5474676489830017,0.3979683518409729,0.5525982677936554,1,0,0.1217959225177764,0.0
606,rotate_right,0,0,0,0,0,1,1,0,0,0,0.2715574949979782,0.5437280535697937,0.2742659151554107,0.546944816907247,0.3891244381666183,0.5653098821640015,1,0,0.1175669431686401,0.0
607,rotate_right,0,0,0,0,0,1,1,0,0,0,0.6110728979110718,0.5413131713867188,0.6096180478731791,0.5405349334081014,0.6463224589824677,0.5429952144622803,1,0,0.0352495610713958,0.0
608,rotate_right,0,0,0,0,0,1,1,0,0,0,0.7237239181995392,0.5485288500785828,0.8066869378089905,0.5436199108759562,0.7990302741527557,0.5441526472568512,1,0,0.0753063559532165,0.0
609,rotate_right,0,0,0,0,0,1,1,0,0,0,0.6012655198574066,0.5298503637313843,0.6294849117596945,0.5260287523269653,0.7648325264453888,0.5334263145923615,1,0,0.1635670065879821,0.0
610,rotate_right,0,0,0,0,0,1,1,0,0,0,0.5977512896060944,0.5254568159580231,0.6597527066866556,0.5259657899538676,0.7302742600440979,0.533958226442337,1,0,0.1325229704380035,0.0
611,rotate_right,0,0,0,0,0,1,1,0,0,0,0.603253185749054,0.5204284489154816,0.6669148802757263,0.5247399608294169,0.7413352131843567,0.5347278416156769,1,0,0.1380820274353027,0.0
612,rotate_right,1,0,0,0,0,1,1,0,0,0,0.5381871461868286,0.4052238166332245,0.598200778166453,0.4140290419260661,0.7139085829257965,0.4256843775510788,1,0,0.1757214367389679,0.0
613,rotate_right,1,0,0,0,0,1,1,0,0,0,0.5183052718639374,0.4169296324253082,0.6017010807991028,0.4185315867265065,0.723913699388504,0.4299829304218292,1,0,0.2056084275245666,0.0
614,rotate_right,1,0,0,0,0,1,1,0,0,0,0.5163833796977997,0.4484127163887024,0.6182900865872701,0.4470444023609161,0.7037625312805176,0.4538020044565201,1,0,0.1873791515827179,0.0
615,rotate_right,1,0,0,0,0,1,1,0,0,0,0.5299432873725891,0.4382070302963257,0.6088012258211771,0.4553449948628743,0.7067680656909943,0.4705931395292282,1,0,0.1768247783184051,0.0
616,rotate_right,1,0,0,0,0,1,1,0,0,0,0.5274630188941956,0.4429244697093963,0.5976322690645853,0.461346427599589,0.6923503875732422,0.4724976420402527,1,0,0.1648873686790466,0.0
617,rotate_right,1,0,0,0,0,1,1,0,0,0,0.5311965346336365,0.4490379244089126,0.6166984637578329,0.4655080040295918,0.6852488219738007,0.469401016831398,1,0,0.1540522873401641,0.0
618,rotate_right,1,0,0,0,0,1,1,0,0,0,0.5155302882194519,0.4453288912773132,0.6027246713638306,0.4528331061204274,0.678377091884613,0.4611193090677261,1,0,0.1628468036651611,0.0
619,rotate_right,1,0,0,0,0,1,1,0,0,0,0.5192117691040039,0.4409464597702026,0.5699498852094015,0.4465702672799428,0.6818316876888275,0.4611669331789017,1,0,0.1626199185848236,0.0
620,rotate_right,1,0,0,0,0,1,1,0,0,0,0.5201663076877594,0.4276668429374695,0.5933733582496643,0.452842225631078,0.6891427636146545,0.4742402881383896,1,0,0.1689764559268951,0.0
621,rotate_right,1,0,0,0,0,1,1,0,0,0,0.5193560123443604,0.4545611590147018,0.6158016920089722,0.4718750119209289,0.688511997461319,0.4812024682760238,1,0,0.1691559851169586,0.0
622,rotate_right,1,0,0,0,0,1,1,0,0,0,0.4922112822532654,0.576579362154007,0.5693089564641317,0.5842349926630656,0.5825407803058624,0.5893718600273132,1,0,0.090329498052597,0.0
623,rotate_right,1,0,0,0,0,1,1,0,0,0,0.4817104339599609,0.5684126913547516,0.533767580986023,0.5778999527295431,0.5805423259735107,0.5862907767295837,1,0,0.0988318920135498,0.0
624,rotate_right,1,0,0,0,0,1,1,0,0,0,0.4758147448301315,0.565089613199234,0.5350083112716675,0.5719430446624756,0.5809927582740784,0.5861697196960449,1,0,0.1051780134439468,0.0
625,rotate_right,1,0,0,0,0,1,1,0,0,0,0.4803995192050934,0.5644104778766632,0.5386223594347636,0.5800285339355469,0.583642840385437,0.5861886143684387,1,0,0.1032433211803436,0.0
626,rotate_right,1,0,0,0,0,1,1,0,0,0,0.474383145570755,0.5639583766460419,0.5549008051554362,0.5788875222206116,0.4713651686906814,0.5810692608356476,0,1,0.0,0.0171108841896057
627,rotate_right,1,0,0,0,0,1,1,0,0,0,0.2040835618972778,0.541056901216507,0.2052210917075475,0.5424661437670389,0.2635074257850647,0.5558009743690491,1,0,0.0594238638877868,0.0
628,rotate_right,1,0,0,0,0,1,1,0,0,0,0.3175194412469864,0.5620077252388,0.341446578502655,0.5635674397150675,0.3383411914110183,0.563699334859848,1,0,0.0208217501640319,0.0
629,rotate_right,1,0,0,0,0,1,1,0,0,0,0.2118807137012481,0.5361039042472839,0.2862188319365183,0.5544794003168741,0.3278379440307617,0.5648245215415955,1,0,0.1159572303295135,0.0
630,rotate_right,1,0,0,0,0,1,1,0,0,0,0.2160198763012886,0.5311800241470337,0.2727188964684804,0.5441416303316752,0.3263011872768402,0.5616745948791504,1,0,0.1102813109755516,0.0
631,rotate_right,1,0,0,0,0,1,1,0,0,0,0.2074177786707878,0.5316280424594879,0.299884816010793,0.549493134021759,0.3262369334697723,0.5611035823822021,1,0,0.1188191547989845,0.0
632,rotate_right,1,0,0,0,0,1,1,0,0,0,0.7704185545444489,0.5307420492172241,0.8764805197715759,0.5466981331507365,0.9150920510292052,0.5453260838985443,1,0,0.1446734964847564,0.0
633,rotate_right,1,0,0,0,0,1,1,0,0,0,0.7652335166931152,0.5252538323402405,0.8290973901748657,0.5297542015711466,0.8994213044643402,0.5435415506362915,1,0,0.1341877877712249,0.0
634,rotate_right,1,0,0,0,0,1,1,0,0,0,0.7733169794082642,0.5262136459350586,0.8392007946968079,0.5290908018747965,0.9137063920497894,0.5427820384502411,1,0,0.1403894126415252,0.0
635,rotate_right,1,0,0,0,0,1,1,0,0,0,0.7851213812828064,0.5153383314609528,0.8427496751149496,0.5251320799191793,0.9133055806159972,0.5414110720157623,1,0,0.1281841993331909,0.0
636,rotate_right,0,0,0,0,0,1,1,0,0,0,0.7917111814022064,0.5193514823913574,0.8341355919837952,0.5258852442105612,0.9069775938987732,0.5374608039855957,1,0,0.1152664124965667,0.0
637,rotate_right,1,0,0,0,0,1,1,0,0,0,0.8010587990283966,0.5245591700077057,0.8621830542882284,0.53500763575236,0.9274254739284516,0.5523854196071625,1,0,0.1263666749000549,0.0
638,rotate_right,1,0,0,0,0,1,1,0,0,0,0.4980629682540893,0.4568878263235092,0.4902097980181376,0.4565445184707641,0.596518486738205,0.4669110476970672,1,0,0.0984555184841156,0.0
639,rotate_right,0,0,0,0,0,1,1,0,0,0,0.6513271927833557,0.4675483256578445,0.6807618935902914,0.4759529928366343,0.6814448535442352,0.4791058897972107,1,0,0.0301176607608795,0.0
640,rotate_right,1,0,0,0,0,1,1,0,0,0,0.4976202994585037,0.4474273920059204,0.595810055732727,0.4684504469235738,0.6846257448196411,0.4751151800155639,1,0,0.1870054453611374,0.0
641,rotate_right,0,0,0,0,0,1,1,0,0,0,0.4909874498844147,0.4485657513141632,0.5771446029345194,0.4589950144290924,0.6556237637996674,0.4750920385122299,1,0,0.1646363139152526,0.0
642,rotate_right,1,0,0,0,0,1,1,0,0,0,0.4960539638996124,0.4424419403076172,0.5742036501566569,0.459042231241862,0.6598009169101715,0.4802656471729278,1,0,0.163746953010559,0.0
643,zoom_out,1,0,0,0,0,0,1,1,1,1,0.5601166486740112,0.2816389054059982,0.5735705097516378,0.2948596080144246,0.5821813344955444,0.3227642923593521,0,1,0.0,0.0411253869533538
644,zoom_out,0,0,0,0,0,1,1,1,0,0,0.5821419060230255,0.3517463803291321,0.584165076414744,0.3560252090295155,0.5841062664985657,0.4227014183998108,0,1,0.0,0.0709550380706787
645,zoom_out,0,0,0,0,0,1,1,1,0,0,0.5748154819011688,0.6427735090255737,0.5780107378959656,0.6394501527150472,0.5761883556842804,0.6397852301597595,0,1,0.0,-0.0029882788658142
646,zoom_out,0,0,0,0,0,1,1,1,0,0,0.5739362239837646,0.4831593185663223,0.5725243290265402,0.6049570043881735,0.5651891231536865,0.6878965795040131,0,1,0.0,0.2047372609376907
647,zoom_out,1,0,0,0,0,1,1,1,0,0,0.576256275177002,0.4375068843364715,0.5775264302889506,0.5501552224159241,0.5742495059967041,0.6657757461071014,0,1,0.0,0.2282688617706298
648,zoom_out,0,0,0,0,0,1,1,1,0,0,0.5719097852706909,0.4235536605119705,0.5751692454020182,0.5671170552571615,0.573983907699585,0.6342419981956482,0,1,0.0,0.2106883376836776
649,zoom_out,0,0,0,0,0,1,1,1,0,0,0.5729064643383026,0.4034927934408188,0.5723144809405009,0.5195133884747823,0.5717579126358032,0.6353403925895691,0,1,0.0,0.2318475991487503
650,zoom_out,0,0,0,0,0,1,1,1,0,0,0.5502781569957733,0.5242691338062286,0.5485232671101888,0.5245957970619202,0.5439604222774506,0.5686686336994171,0,1,0.0,0.0443994998931884
651,zoom_out,0,0,0,0,0,1,1,1,0,0,0.5420346856117249,0.624152660369873,0.5403766830762228,0.6495213111241659,0.5403188467025757,0.6471900939941406,0,1,0.0,0.0230374336242675
652,zoom_out,0,0,0,0,0,1,1,1,0,0,0.5413213968276978,0.5257420837879181,0.541486402352651,0.5286639928817749,0.5392680764198303,0.5785541236400604,0,1,0.0,0.0528120398521423
653,zoom_out,0,0,0,0,0,1,1,1,0,0,0.5383763909339905,0.6247546672821045,0.5380654335021973,0.6546849211057028,0.5392124354839325,0.6552965641021729,0,1,0.0,0.0305418968200683
654,zoom_out,1,0,0,0,0,1,1,1,0,0,0.5373562574386597,0.5200029611587524,0.5349652369817098,0.5832260052363077,0.5384903252124786,0.6444501578807831,0,1,0.0,0.1244471967220306
655,zoom_out,0,0,0,0,0,1,1,1,0,0,0.5373768508434296,0.5248144567012787,0.5362419287363688,0.576228678226471,0.5348721146583557,0.6427502334117889,0,1,0.0,0.1179357767105102
656,zoom_out,0,0,0,0,0,1,1,1,0,0,0.5374045372009277,0.5170999467372894,0.5340654850006104,0.5726961096127828,0.532871276140213,0.6299864649772644,0,1,0.0,0.1128865182399749
657,zoom_out,0,0,0,0,0,1,1,1,0,0,0.5353859961032867,0.529980480670929,0.535618245601654,0.5350398619969686,0.5339831411838531,0.5668004155158997,0,1,0.0,0.0368199348449707
658,zoom_out,0,0,0,0,0,1,1,1,0,0,0.5313149690628052,0.5923914909362793,0.5295266509056091,0.6228470007578532,0.5299463272094727,0.6237471401691437,0,1,0.0,0.0313556492328643
659,zoom_out,1,0,0,0,0,1,1,1,0,0,0.3368686586618423,0.4895515739917755,0.3271048367023468,0.5463912685712179,0.3282339721918106,0.612328052520752,0,1,0.0,0.1227764785289764
660,zoom_out,1,0,0,0,0,1,1,1,0,0,0.3327954709529876,0.4706932455301285,0.3227223654588063,0.5521869659423828,0.3262570649385452,0.6182853877544403,0,1,0.0,0.1475921422243118
661,zoom_out,1,0,0,0,0,1,1,1,0,0,0.3279379606246948,0.4703118354082107,0.3262568314870198,0.5329070885976156,0.3279985040426254,0.6131249666213989,0,1,0.0,0.1428131312131881
662,zoom_out,0,0,0,0,0,1,1,1,0,0,0.3277486264705658,0.4762041717767715,0.3194723526636759,0.5403107007344564,0.3210515528917312,0.6021516621112823,0,1,0.0,0.1259474903345108
663,zoom_out,1,0,0,0,0,1,1,1,0,0,0.3331248909235,0.4634391814470291,0.3334622383117676,0.5426158308982849,0.3304008245468139,0.6103382706642151,0,1,0.0,0.1468990892171859
664,zoom_out,1,0,0,0,0,1,1,1,0,0,0.8216076493263245,0.4411879032850265,0.8179064194361368,0.5069392820199331,0.8187483847141266,0.5943284630775452,0,1,0.0,0.1531405597925186
665,zoom_out,0,0,0,0,0,1,1,1,0,0,0.8148973286151886,0.4350435435771942,0.8108689586321512,0.4839856723944346,0.8036762177944183,0.5945474803447723,0,1,0.0,0.1595039367675781
666,zoom_out,0,0,0,0,0,1,1,1,0,0,0.8073102533817291,0.4416174292564392,0.8066060145696005,0.4812655548254649,0.8070894777774811,0.6113553047180176,0,1,0.0,0.1697378754615783
667,zoom_out,1,0,0,0,0,1,1,1,0,0,0.8121080994606018,0.4434352666139602,0.8061288992563883,0.4936759173870086,0.7992447316646576,0.6000474691390991,0,1,0.0,0.1566122025251388
668,zoom_out,1,0,0,0,0,1,1,1,0,0,0.7992037236690521,0.4275961369276047,0.7935669819513956,0.5240446130434672,0.7956043183803558,0.5698885917663574,0,1,0.0,0.1422924548387527
669,zoom_out,1,0,0,0,0,1,1,1,0,0,0.6255149245262146,0.3617381751537323,0.6213741699854533,0.4749791026115417,0.6149251163005829,0.5977357029914856,0,1,0.0,0.2359975278377533
670,zoom_out,1,0,0,0,0,1,1,1,0,0,0.6123111248016357,0.352725625038147,0.5977493127187093,0.4418656627337138,0.5953212380409241,0.5848304927349091,0,1,0.0,0.232104867696762
671,zoom_out,0,0,0,0,0,1,1,1,0,0,0.5958553552627563,0.3667966723442077,0.581267257531484,0.4921136995156606,0.5789180397987366,0.5743860900402069,0,1,0.0,0.2075894176959991
672,zoom_out,1,0,0,0,0,1,1,1,0,0,0.5976177752017975,0.3667383193969726,0.5904575983683268,0.4875280062357585,0.5940945148468018,0.607943594455719,0,1,0.0,0.2412052750587463
673,zoom_out,0,0,0,0,0,1,1,1,0,0,0.5860948860645294,0.360178604722023,0.578309158484141,0.4803225398063659,0.5796294212341309,0.6445508003234863,0,1,0.0,0.2843721956014633
674,zoom_out,0,0,0,0,0,1,1,1,1,1,0.5380467176437378,0.523436039686203,0.5367449323336283,0.5167354146639506,0.5382670164108276,0.5236145853996277,1,0,0.0002202987670898,0.0
675,zoom_out,1,0,0,0,0,1,1,1,0,0,0.5458422601222992,0.524509072303772,0.5396421750386556,0.5725285212198893,0.5334988832473755,0.7297825515270233,0,1,0.0,0.2052734792232513
676,zoom_out,1,0,0,0,0,1,1,1,0,0,0.5451597273349762,0.5170517563819885,0.5389434695243835,0.5422880450884501,0.5311633050441742,0.7300590574741364,0,1,0.0,0.2130073010921478
677,zoom_out,0,0,0,0,0,1,1,1,0,0,0.5483361184597015,0.464400514960289,0.5495922764142355,0.6526728868484497,0.5442757904529572,0.7012689411640167,0,1,0.0,0.2368684262037277
678,zoom_out,1,0,0,0,0,1,1,1,0,0,0.556088924407959,0.4603689610958099,0.551413357257843,0.7004322409629822,0.5444987118244171,0.7305481731891632,0,1,0.0,0.2701792120933532
679,zoom_out,1,0,0,0,0,1,1,1,0,0,0.5535192787647247,0.4467054605484009,0.5458681186040243,0.5065689086914062,0.5225147604942322,0.7190437912940979,0,1,0.0,0.272338330745697
680,zoom_out,1,0,0,0,0,1,1,1,0,0,0.5268230140209198,0.5787324905395508,0.518450935681661,0.5904894669850668,0.5137030184268951,0.6977912485599518,0,1,0.0,0.119058758020401
681,zoom_out,1,0,0,0,0,1,1,1,0,0,0.5184295475482941,0.5709148645401001,0.5166199008623759,0.6485706369082133,0.5223925411701202,0.7081593573093414,0,1,0.0,0.1372444927692413
682,zoom_out,1,0,0,0,0,1,1,1,0,0,0.5210558474063873,0.5804502665996552,0.5169389247894287,0.6474432150522867,0.5097784996032715,0.6984576284885406,0,1,0.0,0.1180073618888855
683,zoom_out,1,0,0,0,0,1,1,1,0,0,0.5148313939571381,0.5754357278347015,0.5128886898358663,0.6660823822021484,0.5174181461334229,0.722009927034378,0,1,0.0,0.1465741991996765
684,zoom_out,1,0,0,0,0,1,1,1,0,0,0.5165123343467712,0.5761821866035461,0.5156386494636536,0.6211042006810507,0.5230129957199097,0.719218373298645,0,1,0.0,0.1430361866950988
685,zoom_out,1,0,0,0,0,1,1,1,0,0,0.2968286126852035,0.5856540501117706,0.2876918415228526,0.6138959725697836,0.251941055059433,0.7249845564365387,0,1,0.0,0.139330506324768
686,zoom_out,1,0,0,0,0,1,1,1,0,0,0.2476241812109947,0.5334560871124268,0.240475594997406,0.5583995779355367,0.2298604771494865,0.6828697025775909,0,1,0.0,0.1494136154651641
687,zoom_out,0,0,0,0,0,1,1,1,0,0,0.2490771189332008,0.5225582718849182,0.2437677383422851,0.5635691086451212,0.2350002378225326,0.712744265794754,0,1,0.0,0.1901859939098358
688,zoom_out,1,0,0,0,0,1,1,1,0,0,0.2588277757167816,0.5234425067901611,0.244119773308436,0.6863109668095907,0.2395005151629448,0.7145350575447083,0,1,0.0,0.1910925507545471
689,zoom_out,1,0,0,0,0,1,1,1,0,0,0.2525608986616134,0.5345034599304199,0.2470853527386983,0.5896292130152384,0.2380373328924179,0.7249157726764679,0,1,0.0,0.1904123127460479
690,zoom_out,1,0,0,0,0,1,1,1,0,0,0.7939229309558868,0.5400999486446381,0.7866169214248657,0.5939727028210958,0.7992497682571411,0.7099384367465973,0,1,0.0,0.1698384881019592
691,zoom_out,1,0,0,0,0,1,1,1,0,0,0.8042482733726501,0.5179094970226288,0.7933757901191711,0.5773641268412272,0.7921470999717712,0.6939151287078857,0,1,0.0,0.1760056316852569
692,zoom_out,1,0,0,0,0,1,1,1,0,0,0.7925162613391876,0.5023888349533081,0.7921980420748392,0.5997031331062317,0.7921260893344879,0.6901610493659973,0,1,0.0,0.1877722144126892
693,zoom_out,1,0,0,0,0,1,1,1,0,0,0.7897303402423859,0.5138913989067078,0.7958435416221619,0.5876996715863546,0.7934399247169495,0.7113981544971466,0,1,0.0,0.1975067555904388
694,zoom_out,1,0,0,0,0,1,1,1,0,0,0.7988609373569489,0.5242626368999481,0.7964891195297241,0.6103929877281189,0.7972272038459778,0.7246398627758026,0,1,0.0,0.2003772258758545
695,zoom_out,1,0,0,0,0,1,1,1,0,0,0.6125793159008026,0.4629193842411041,0.6104594270388285,0.4996447364489237,0.594519704580307,0.6845119595527649,0,1,0.0,0.2215925753116607
696,zoom_out,1,0,0,0,0,1,1,1,0,0,0.6127045154571533,0.408903107047081,0.6119698882102966,0.5067985653877258,0.604720413684845,0.6783360540866852,0,1,0.0,0.2694329470396042
697,zoom_out,1,0,0,0,0,1,1,1,0,0,0.618810772895813,0.3762512952089309,0.606462279955546,0.5283384124437968,0.5921017229557037,0.6728378236293793,0,1,0.0,0.2965865284204483
698,zoom_out,1,0,0,0,0,1,1,1,0,0,0.6142537593841553,0.3829669505357742,0.6121723850568136,0.5353238582611084,0.6097294688224792,0.6754571795463562,0,1,0.0,0.2924902290105819
699,zoom_out,1,0,0,0,0,1,1,1,0,0,0.6025750637054443,0.5023788213729858,0.5881237586339315,0.6530288259188334,0.5879389643669128,0.7069159746170044,0,1,0.0,0.2045371532440185
700,zoom_out,1,0,0,0,0,1,1,1,0,0,0.6751023530960083,0.5282599925994873,0.6730543971061707,0.5031405289967855,0.6770022809505463,0.5105815380811691,0,1,0.0,-0.0176784545183181
701,zoom_out,1,0,0,0,0,1,1,1,0,0,0.7000859081745148,0.3506885915994644,0.684613823890686,0.507332980632782,0.6778821349143982,0.6748621165752411,0,1,0.0,0.3241735249757767
702,zoom_out,0,0,0,0,0,1,1,1,0,0,0.6890089809894562,0.3491158336400985,0.687889834245046,0.3814762532711029,0.677245020866394,0.6435566544532776,0,1,0.0,0.294440820813179
703,zoom_out,1,0,0,0,0,1,1,1,0,0,0.681234747171402,0.3572386056184768,0.6817710598309835,0.4102384845415751,0.6709718406200409,0.6355318427085876,0,1,0.0,0.2782932370901108
704,zoom_out,1,0,0,0,0,1,1,1,0,0,0.6789301633834839,0.3652702867984772,0.6672604481379191,0.4296929935614268,0.6542509496212006,0.6487343609333038,0,1,0.0,0.2834640741348266
705,zoom_out,0,0,0,0,0,1,1,1,0,1,0.3425660729408264,0.541528970003128,0.3404287497202555,0.571174422899882,0.2492294386029243,0.6296165287494659,1,0,-0.093336634337902,0.0
706,zoom_out,0,0,0,0,0,1,1,1,0,0,0.3374155461788177,0.5194785296916962,0.3325040340423584,0.6375931104024252,0.3297382444143295,0.6601195931434631,0,1,0.0,0.1406410634517669
707,zoom_out,1,0,0,0,0,1,1,1,0,0,0.3330078274011612,0.5055147409439087,0.3349969585736592,0.5088950395584106,0.3271065503358841,0.6706904768943787,0,1,0.0,0.1651757359504699
708,zoom_out,0,0,0,0,0,1,1,1,0,0,0.3336378484964371,0.5014610886573792,0.3292188147703807,0.523221472899119,0.3226102441549301,0.67308709025383,0,1,0.0,0.1716260015964508
709,zoom_out,1,0,0,0,0,1,1,1,0,0,0.3304624706506729,0.5080786049365997,0.3317371110121409,0.6007492740948995,0.3207170963287353,0.6535069048404694,0,1,0.0,0.1454282999038696
710,zoom_out,0,0,0,0,0,1,1,1,0,0,0.8357238471508026,0.5297659635543823,0.8297469218571981,0.6385358969370524,0.8292547166347504,0.6782398223876953,0,1,0.0,0.148473858833313
711,zoom_out,0,0,0,0,0,1,1,1,0,0,0.8390667140483856,0.534763365983963,0.8335830171902975,0.6287795901298523,0.832888275384903,0.6702844202518463,0,1,0.0,0.1355210542678833
712,zoom_out,0,0,0,0,0,1,1,1,0,0,0.8456117212772369,0.5459364950656891,0.8393833041191101,0.5896770358085632,0.83677539229393,0.689506858587265,0,1,0.0,0.1435703635215759
713,zoom_out,1,0,0,0,0,1,1,1,0,0,0.8389281630516052,0.5305173993110657,0.8385782837867737,0.5692885518074036,0.8307202756404877,0.7038493752479553,0,1,0.0,0.1733319759368896
714,zoom_out,1,0,0,0,0,1,1,1,0,0,0.8373101651668549,0.5395729243755341,0.8314687609672546,0.6244617700576782,0.8296508193016052,0.7060684859752655,0,1,0.0,0.1664955615997314
715,zoom_out,0,0,0,0,0,1,1,1,0,0,0.5914772748947144,0.5482625663280487,0.575514535109202,0.6772722005844116,0.5737025141716003,0.6802626848220825,0,1,0.0,0.1320001184940338
716,zoom_out,1,0,0,0,0,1,1,1,0,0,0.5800905227661133,0.5538065433502197,0.5803301334381104,0.5987228353818258,0.5743181705474854,0.6788256466388702,0,1,0.0,0.1250191032886505
717,zoom_out,1,0,0,0,0,1,1,1,0,0,0.5836602449417114,0.5397793352603912,0.5806167721748352,0.6027809977531433,0.5735751688480377,0.681627094745636,0,1,0.0,0.1418477594852447
718,zoom_out,1,0,0,0,0,1,1,1,0,0,0.5824109315872192,0.5502580404281616,0.578889787197113,0.653340478738149,0.5770737528800964,0.6892967820167542,0,1,0.0,0.1390387415885925
719,zoom_out,1,0,0,0,0,1,1,1,0,0,0.5794551372528076,0.5505947768688202,0.5740851958592733,0.6114781101544698,0.5760946273803711,0.6798731088638306,0,1,0.0,0.1292783319950103
720,zoom_out,1,0,0,0,0,1,1,1,0,0,0.6160102188587189,0.4612455815076828,0.6177001794179281,0.4840684632460276,0.6139713823795319,0.6679467856884003,0,1,0.0,0.2067012041807174
721,zoom_out,1,0,0,0,0,1,1,1,0,0,0.6291584968566895,0.4037090986967087,0.6216024359067281,0.5234558582305908,0.4996889978647232,0.5567566156387329,0,1,0.0,0.1530475169420242
722,zoom_out,1,0,0,0,0,1,1,1,0,0,0.6283237040042877,0.4315163046121597,0.620228628317515,0.5631268819173177,0.6182503700256348,0.6749514937400818,0,1,0.0,0.243435189127922
723,zoom_out,1,0,0,0,0,1,1,1,0,0,0.6303180754184723,0.4082469642162323,0.6170094013214111,0.5532887776692709,0.6239064633846283,0.645148515701294,0,1,0.0,0.2369015514850616
724,zoom_out,1,0,0,0,0,1,1,1,0,0,0.6217230558395386,0.3821583539247513,0.6164652109146118,0.571353018283844,0.6246724128723145,0.6303337812423706,0,1,0.0,0.2481754273176193
725,zoom_out,0,0,0,0,0,1,1,1,0,0,0.6391850411891937,0.4273924082517624,0.601080060005188,0.6928247610727946,0.6105238497257233,0.6842345893383026,0,1,0.0,0.2568421810865402
726,zoom_out,0,0,0,0,0,1,1,1,0,0,0.6208786070346832,0.4020339846611023,0.6103317936261495,0.652370830376943,0.6136492192745209,0.7019812762737274,0,1,0.0,0.2999472916126251
727,zoom_out,0,0,0,0,0,1,1,1,0,0,0.6239741742610931,0.3718985319137573,0.6063612302144369,0.5896863540013632,0.6038519740104675,0.7129431068897247,0,1,0.0,0.3410445749759674
728,zoom_out,0,0,0,0,0,1,1,1,0,0,0.623896986246109,0.3907382637262344,0.5880956451098124,0.7142250537872314,0.6008441150188446,0.7145951986312866,0,1,0.0,0.3238569349050522
729,zoom_out,1,0,0,0,0,1,1,1,0,0,0.6281671822071075,0.3846621066331863,0.6066809693972269,0.666482667128245,0.6053290069103241,0.6877591013908386,0,1,0.0,0.3030969947576523
730,zoom_out,1,0,0,0,0,1,1,1,0,0,0.5452430248260498,0.5357833504676819,0.5264056921005249,0.6801056464513143,0.5295822620391846,0.6803996562957764,0,1,0.0,0.1446163058280944
731,zoom_out,1,0,0,0,0,1,1,1,0,0,0.5397593379020691,0.5236033797264099,0.540507952372233,0.6387131810188293,0.5398688018321991,0.6430312991142273,0,1,0.0,0.1194279193878173
732,zoom_out,1,0,0,0,0,1,1,1,0,0,0.5364443063735962,0.5130602419376373,0.5365242759386698,0.5190368294715881,0.4736268818378448,0.5100659132003784,1,0,-0.0628174245357513,0.0
733,zoom_out,0,0,0,0,0,1,1,1,0,0,0.5451128482818604,0.6168709695339203,0.5417357087135315,0.6165774067242941,0.5403755605220795,0.6170056760311127,1,0,-0.0047372877597808,0.0
734,zoom_out,1,0,0,0,0,1,1,1,0,0,0.5360364615917206,0.5089437365531921,0.5368972420692444,0.6003731489181519,0.5343053042888641,0.5883706510066986,0,1,0.0,0.0794269144535064
735,zoom_out,0,0,0,0,1,1,1,1,0,0,0.5313321650028229,0.4986313879489898,0.5305470824241638,0.5199095209439596,0.5261059403419495,0.6363511085510254,0,1,0.0,0.1377197206020355
736,zoom_out,1,0,0,0,0,1,1,1,0,0,0.3504548519849777,0.4379787892103195,0.3411411046981811,0.5368517835934957,0.3382645845413208,0.622681587934494,0,1,0.0,0.1847027987241745
737,zoom_out,0,0,0,0,0,1,1,1,0,0,0.3407669812440872,0.4084766954183578,0.3232533236344655,0.5863400300343832,0.3257684856653213,0.6027365624904633,0,1,0.0,0.1942598670721054
738,zoom_out,0,0,0,0,0,1,1,1,0,0,0.3355697393417358,0.4052999317646026,0.3237429559230804,0.4967905779679616,0.324149876832962,0.5890682637691498,0,1,0.0,0.1837683320045471
739,zoom_out,1,0,0,0,0,1,1,1,0,0,0.3332485109567642,0.4047394692897796,0.3258354564507802,0.5148626963297526,0.3293907195329666,0.6060720086097717,0,1,0.0,0.201332539319992
740,zoom_out,1,0,0,0,0,1,1,1,0,0,0.3351095616817474,0.4089614003896713,0.3261010448137919,0.4884376327196757,0.3216017186641693,0.5931825041770935,0,1,0.0,0.1842211037874221
741,zoom_out,0,0,0,0,0,1,1,1,0,0,0.8359514772891998,0.4066215455532074,0.8227816621462504,0.5908113519350687,0.8275206089019775,0.5565863847732544,0,1,0.0,0.149964839220047
742,zoom_out,1,0,0,0,1,1,1,1,0,0,0.8261437714099884,0.3895616680383682,0.8192523121833801,0.5240295728047689,0.8248037397861481,0.5893966853618622,0,1,0.0,0.1998350173234939
743,zoom_out,1,0,0,0,0,1,1,1,0,0,0.8331474661827087,0.3979092538356781,0.8499108751614889,0.5291530092557272,0.8433964848518372,0.5253313779830933,0,1,0.0,0.1274221241474151
744,zoom_out,0,0,0,0,0,1,1,1,0,0,0.8342739343643188,0.3832549303770065,0.828078011671702,0.4861573378245036,0.8414501845836639,0.5440814793109894,0,1,0.0,0.1608265489339828
745,zoom_out,1,0,0,0,0,1,1,1,0,0,0.8326425850391388,0.3872755616903305,0.8206890026728312,0.4983719487984975,0.8307415544986725,0.5606152713298798,0,1,0.0,0.1733397096395492
746,zoom_out,1,0,0,0,0,1,1,1,0,0,0.6288323402404785,0.2624623626470566,0.6255642374356588,0.2810080548127492,0.6094045341014862,0.4684082269668579,0,1,0.0,0.2059458643198013
747,zoom_out,0,0,0,0,0,1,1,1,0,0,0.6064276099205017,0.4938239455223083,0.6045170227686564,0.5030158758163452,0.6055822968482971,0.497562512755394,0,1,0.0,0.0037385672330856
748,zoom_out,0,0,0,0,0,1,1,1,0,0,0.6182593703269958,0.2647297382354736,0.6180410981178284,0.2674483060836792,0.6154691278934479,0.2709682434797287,0,1,0.0,0.006238505244255
749,zoom_out,0,0,0,0,0,1,1,1,0,0,0.6124439835548401,0.286076620221138,0.5989120999972025,0.4120620985825856,0.5983565449714661,0.5205622613430023,0,1,0.0,0.2344856411218643
750,zoom_out,1,0,0,0,0,1,1,1,0,0,0.6071051061153412,0.2843644320964813,0.5967957178751627,0.4017560482025146,0.584941178560257,0.5257109701633453,0,1,0.0,0.241346538066864
751,zoom_out,1,0,0,0,0,1,1,1,0,0,0.6688625514507294,0.4879395961761474,0.6616729100545248,0.6280104915301005,0.6618641912937164,0.5428950190544128,0,1,0.0,0.0549554228782653
752,zoom_out,0,0,0,0,0,1,1,1,0,0,0.6624599099159241,0.5731789469718933,0.6618350346883138,0.5780241092046102,0.6634791493415833,0.5833054780960083,0,1,0.0,0.0101265311241149
753,zoom_out,0,0,0,0,0,1,1,1,0,0,0.6777784824371338,0.3636329770088196,0.678745965162913,0.4087944527467091,0.6792144477367401,0.6483890116214752,0,1,0.0,0.2847560346126556
754,zoom_out,0,0,0,0,0,1,1,1,0,0,0.6741323173046112,0.3471718579530716,0.6785054206848145,0.6073583165804545,0.6693404316902161,0.6832593083381653,0,1,0.0,0.3360874503850937
755,zoom_out,0,0,0,0,0,1,1,1,0,0,0.6761457622051239,0.3630644977092743,0.6861320535341898,0.6481815179189047,0.6800844073295593,0.6839743256568909,0,1,0.0,0.3209098279476166
756,zoom_out,0,0,0,0,0,1,1,1,0,0,0.5760733187198639,0.5501272976398468,0.5770420630772909,0.5513324936230978,0.5775176584720612,0.5915830135345459,0,1,0.0,0.0414557158946991
757,zoom_out,0,0,0,0,0,1,1,1,0,0,0.577703982591629,0.6261892020702362,0.577651838461558,0.6944906711578369,0.5756573379039764,0.6951976418495178,0,1,0.0,0.0690084397792816
758,zoom_out,0,0,0,0,0,1,1,1,0,0,0.5777085423469543,0.6842648386955261,0.5771408677101135,0.686677098274231,0.5777454376220703,0.6856698989868164,0,1,0.0,0.0014050602912902
759,zoom_out,0,0,0,0,0,1,1,1,0,0,0.580881655216217,0.545522928237915,0.5814562638600668,0.673161248366038,0.5779511332511902,0.6900445520877838,0,1,0.0,0.1445216238498687
760,zoom_out,0,0,0,0,0,1,1,1,0,0,0.5744175612926483,0.5334588587284088,0.5746050278345743,0.5387215614318848,0.5777217745780945,0.6260958611965179,0,1,0.0,0.0926370024681091
761,zoom_out,0,0,0,0,0,1,1,1,0,0,0.3487977981567383,0.5151931345462799,0.3519982000192006,0.5778508186340332,0.3540558367967605,0.6012029647827148,0,1,0.0,0.0860098302364349
762,zoom_out,0,0,0,0,0,1,1,1,0,0,0.3602763414382934,0.4389129430055618,0.3552541236082713,0.6798531413078308,0.3548057377338409,0.6748709976673126,0,1,0.0,0.2359580546617508
763,zoom_out,0,0,0,0,0,1,1,1,0,0,0.3551375567913055,0.4869030714035034,0.3586306770642598,0.5631519556045532,0.3544705957174301,0.6795282661914825,0,1,0.0,0.1926251947879791
764,zoom_out,1,0,0,0,0,1,1,1,0,0,0.3571157455444336,0.4956241697072983,0.3536219696203868,0.6280401150385538,0.3534100502729416,0.6600184142589569,0,1,0.0,0.1643942445516586
765,zoom_out,0,0,0,0,0,1,1,1,0,0,0.36013263463974,0.4940184503793716,0.356865535179774,0.6949015855789185,0.3543678671121597,0.6972527503967285,0,1,0.0,0.2032343000173568
766,zoom_out,0,0,0,0,0,1,1,1,0,0,0.7923130989074707,0.5299795269966125,0.7923585772514343,0.5558456579844157,0.7920080423355103,0.7260095775127411,0,1,0.0,0.1960300505161285
767,zoom_out,0,0,0,0,0,1,1,1,0,0,0.7850833833217621,0.4825715124607086,0.786931574344635,0.555953840414683,0.7833456099033356,0.7240805923938751,0,1,0.0,0.2415090799331665
768,zoom_out,1,0,0,0,0,1,1,1,0,0,0.7815594971179962,0.4690694063901901,0.7980419198671976,0.6608619689941406,0.7979342937469482,0.663989245891571,0,1,0.0,0.1949198395013809
769,zoom_out,0,0,0,0,0,1,1,1,0,0,0.786415696144104,0.464620903134346,0.7912202477455139,0.718732476234436,0.7898711860179901,0.709083616733551,0,1,0.0,0.244462713599205
770,zoom_out,0,0,0,0,0,1,1,1,0,0,0.7751355469226837,0.4628805071115494,0.787601908047994,0.6714523832003275,0.786988765001297,0.6852232813835144,0,1,0.0,0.222342774271965
771,zoom_out,0,0,0,0,0,1,1,1,0,0,0.5698677897453308,0.4673222154378891,0.5604338049888611,0.5958693424860636,0.5681516230106354,0.6943910419940948,0,1,0.0,0.2270688265562057
772,zoom_out,0,0,0,0,0,1,1,1,0,0,0.5677091777324677,0.4478613883256912,0.5727105538050333,0.5666916569073995,0.5660166144371033,0.6802081167697906,0,1,0.0,0.2323467284440994
773,zoom_out,1,0,0,0,0,1,1,1,0,0,0.5674735605716705,0.4570314884185791,0.5715531508127848,0.5649381677309672,0.5691405832767487,0.6922697424888611,0,1,0.0,0.2352382540702819
774,zoom_out,1,0,0,0,0,1,1,1,0,0,0.5659243762493134,0.4540697187185287,0.5669621030489603,0.5141643087069193,0.569045901298523,0.7203347086906433,0,1,0.0,0.2662649899721145
775,zoom_out,0,0,0,0,0,1,1,1,0,0,0.5699838399887085,0.7036462724208832,0.5680672526359558,0.7069392999013265,0.5705498158931732,0.7086516916751862,0,1,0.0,0.0050054192543029
776,zoom_out,0,0,0,0,0,1,1,1,0,0,0.5683048069477081,0.4616458266973495,0.5608875354131063,0.5411673188209534,0.5683800876140594,0.6935319900512695,0,1,0.0,0.2318861633539199
777,zoom_out,0,0,0,0,0,1,1,1,0,0,0.5970860421657562,0.3062929660081863,0.586250364780426,0.4225970009962718,0.5737783908843994,0.5663432478904724,0,1,0.0,0.260050281882286
778,zoom_out,1,0,0,0,0,1,1,1,0,0,0.5862471163272858,0.2774109840393066,0.5846574306488037,0.3726309537887573,0.5779510140419006,0.5620746612548828,0,1,0.0,0.2846636772155761
779,zoom_out,1,0,0,0,0,1,1,1,0,0,0.6025656461715698,0.2530375123023987,0.5868146220842997,0.4411986569563548,0.5649711787700653,0.548019140958786,0,1,0.0,0.2949816286563873
780,zoom_out,1,0,0,0,0,1,1,1,0,0,0.59871906042099,0.2612390518188476,0.5834637482961019,0.4559822579224904,0.5738102793693542,0.5642710626125336,0,1,0.0,0.3030320107936859
781,zoom_out,1,0,0,0,0,1,1,1,0,0,0.6027446687221527,0.2517132312059402,0.5974396467208862,0.4776769777139028,0.5796090960502625,0.5780936479568481,0,1,0.0,0.3263804167509079
782,zoom_out,0,0,0,0,0,1,1,1,0,0,0.5406609177589417,0.48720782995224,0.5354919036229452,0.5847917397816976,0.5393804013729095,0.6378529965877533,0,1,0.0,0.1506451666355133
783,zoom_out,1,0,0,0,0,1,1,1,0,0,0.5396554172039032,0.4730614870786667,0.5316603779792786,0.5689535339673361,0.530860960483551,0.6293042004108429,0,1,0.0,0.1562427133321762
784,zoom_out,0,0,0,0,0,1,1,1,0,0,0.5355011820793152,0.465224027633667,0.5285166700681051,0.5250351230303446,0.5275392830371857,0.6260958611965179,0,1,0.0,0.1608718335628509
785,zoom_out,0,0,0,0,0,1,1,1,0,0,0.5280610620975494,0.4629158824682235,0.5308582981427511,0.5397265354792277,0.5296659171581268,0.620183527469635,0,1,0.0,0.1572676450014114
786,zoom_out,0,0,0,0,0,1,1,1,0,0,0.5372750163078308,0.4553224742412567,0.5282031496365865,0.5534747441609701,0.5274518430233002,0.6237592101097107,0,1,0.0,0.1684367358684539
787,zoom_out,1,0,0,0,0,1,1,1,0,0,0.2883205264806747,0.4328042715787887,0.2738532125949859,0.5327678720156351,0.2531505823135376,0.5984782576560974,0,1,0.0,0.1656739860773086
788,zoom_out,1,0,0,0,0,1,1,1,0,0,0.2844341993331909,0.4054027199745178,0.268215666214625,0.539029618104299,0.2466358989477157,0.6028218269348145,0,1,0.0,0.1974191069602966
789,zoom_out,1,0,0,0,0,1,1,1,0,0,0.2766933590173721,0.38507179915905,0.2617769042650859,0.5328613718350729,0.2392388954758644,0.603813648223877,0,1,0.0,0.2187418490648269
790,zoom_out,0,0,0,0,0,1,1,1,0,0,0.2789468318223953,0.3848430514335632,0.2518402536710103,0.5376246968905131,0.2453682050108909,0.5913228988647461,0,1,0.0,0.2064798474311828
791,zoom_out,1,0,0,0,0,1,1,1,0,0,0.2786850184202194,0.388526052236557,0.2601811289787292,0.5152988235155741,0.2506991326808929,0.5952699482440948,0,1,0.0,0.2067438960075378
792,zoom_out,1,0,0,0,0,1,1,1,0,0,0.8387919962406158,0.3963182121515274,0.8355875412623087,0.5428596337636312,0.8455672860145569,0.5993403792381287,0,1,0.0,0.2030221670866012
793,zoom_out,0,0,0,0,0,1,1,1,0,0,0.8311994671821594,0.3861880004405975,0.8309401472409567,0.6011631687482198,0.8297857046127319,0.5990261137485504,0,1,0.0,0.2128381133079528
794,zoom_out,0,0,0,0,0,1,1,1,0,0,0.8497660160064697,0.4040117263793945,0.839983602364858,0.578327457110087,0.8473210334777832,0.6043477654457092,0,1,0.0,0.2003360390663147
795,zoom_out,1,0,0,0,0,1,1,1,0,0,0.8557002544403076,0.3964192420244217,0.8550706108411154,0.4685150980949402,0.8517490327358246,0.5934090614318848,0,1,0.0,0.196989819407463
796,zoom_out,0,0,0,0,0,1,1,1,0,0,0.8643494844436646,0.3927465379238128,0.8600070277849833,0.4948930044968923,0.8575508296489716,0.5837733447551727,0,1,0.0,0.1910268068313598
797,zoom_out,0,0,0,0,0,1,1,1,0,0,0.8561734259128571,0.3945916295051574,0.8428657452265421,0.5083009998003641,0.8434644937515259,0.5861870348453522,0,1,0.0,0.1915954053401947
798,zoom_out,1,0,0,0,0,1,1,1,0,0,0.8571489155292511,0.3867275565862655,0.855327824751536,0.5085839231808981,0.8506618440151215,0.5948738753795624,0,1,0.0,0.2081463187932968
799,zoom_out,0,0,0,0,0,1,1,1,1,1,0.6352803111076355,0.350902795791626,0.6291372776031494,0.4921353757381439,0.6176941394805908,0.5678872764110565,0,1,0.0,0.2169844806194305
800,zoom_out,0,0,0,0,0,1,1,1,0,0,0.6292228996753693,0.2741221487522125,0.623389740784963,0.4321459929148356,0.4589637815952301,0.4776177257299423,0,1,0.0,0.2034955769777298
801,zoom_out,0,0,0,0,0,1,1,1,0,0,0.6098946630954742,0.2721411883831024,0.6047413150469462,0.4160188734531402,0.5978035032749176,0.5711682736873627,0,1,0.0,0.2990270853042602
802,zoom_out,0,0,0,0,0,1,1,1,0,0,0.6076572239398956,0.3320285677909851,0.5976823767026266,0.4669924875100453,0.5810162127017975,0.5795882940292358,0,1,0.0,0.2475597262382507
803,zoom_out,0,0,0,0,0,1,1,1,0,0,0.6048894822597504,0.3017700612545013,0.6008165081342062,0.4384986062844594,0.5973328053951263,0.5420575737953186,0,1,0.0,0.2402875125408172
804,zoom_out,0,0,0,0,0,1,1,1,0,0,0.6000577509403229,0.2941684573888778,0.6049258708953857,0.3700832923253377,0.596770703792572,0.5476268529891968,0,1,0.0,0.2534583956003189
805,home,1,0,0,0,0,0,0,0,0,0,0.6665672361850739,0.8756633102893829,0.6555086374282837,0.8882323304812113,0.6268126368522644,0.9063039124011992,1,0,-0.0397545993328094,0.0
806,home,0,0,0,0,0,1,0,0,0,0,0.6285965740680695,0.3995715528726578,0.6238445043563843,0.3993128836154938,0.6203422844409943,0.3968938738107681,1,0,-0.0082542896270751,0.0
807,home,0,0,0,0,0,1,0,0,0,0,0.624759167432785,0.3976013660430908,0.621847927570343,0.3960126638412475,0.6198549866676331,0.3943620324134826,1,0,-0.0049041807651519,0.0
808,home,0,0,0,0,0,1,0,0,0,0,0.621843546628952,0.3924212157726288,0.6216639479001363,0.3942302862803141,0.6199741661548615,0.3912992775440216,1,0,-0.0018693804740905,0.0
809,home,0,0,0,0,0,1,0,0,0,0,0.6218264698982239,0.387405589222908,0.6210259199142456,0.3853959143161773,0.6203195452690125,0.3813448846340179,0,1,0.0,-0.00606070458889
810,home,0,0,0,0,0,1,0,0,0,0,0.6223493218421936,0.3803134709596634,0.6206585367520651,0.378229667743047,0.6211120784282684,0.3798367381095886,1,0,-0.0012372434139251,0.0
811,home,0,0,0,0,0,1,0,0,0,0,0.5624188780784607,0.5161645710468292,0.5600933829943339,0.5138752857844034,0.5591444075107574,0.5130445063114166,1,0,-0.0032744705677032,0.0
812,home,0,0,0,0,0,1,0,0,0,0,0.5597855448722839,0.5133339762687683,0.5600120226542155,0.5133400360743204,0.5601397752761841,0.5123375654220581,0,1,0.0,-0.0009964108467102
813,home,0,0,0,0,0,1,0,0,0,0,0.5592812299728394,0.5132016539573669,0.5597374041875204,0.5132261514663696,0.5602127015590668,0.5123323500156403,1,0,0.0009314715862274,0.0
814,home,0,0,0,0,0,1,0,0,0,0,0.5595195293426514,0.5123446583747864,0.5596410234769186,0.5123841166496277,0.5594783425331116,0.5118392109870911,0,1,0.0,-0.0005054473876953
815,home,0,0,0,0,0,1,0,0,0,0,0.5584903061389923,0.5120887756347656,0.5584087371826172,0.5113502542177836,0.5588513314723969,0.5103276073932648,0,1,0.0,-0.0017611682415008
816,home,0,0,0,0,0,1,0,0,0,0,0.5615562200546265,0.5104480683803558,0.5611234903335571,0.5104066332181295,0.5613463819026947,0.5098057985305786,0,1,0.0,-0.0006422698497772
817,home,1,0,0,0,0,1,0,0,0,0,0.3276004493236542,0.4409117549657821,0.3277898331483205,0.439705491065979,0.3260149508714676,0.4372956305742264,0,1,0.0,-0.0036161243915557
818,home,0,0,0,0,0,1,0,0,0,0,0.3221434354782104,0.436608538031578,0.3215963741143544,0.435085117816925,0.3224397301673889,0.434922993183136,0,1,0.0,-0.001685544848442
819,home,0,0,0,0,0,1,0,0,0,0,0.3207962363958359,0.434340626001358,0.318004051844279,0.431979884703954,0.3171875774860382,0.430754154920578,1,0,-0.0036086589097976,0.0
820,home,0,0,0,0,0,1,0,0,0,0,0.3180286884307861,0.4327055811882019,0.317696213722229,0.4308026830355326,0.3174400329589844,0.4329498559236526,1,0,-0.0005886554718017,0.0
821,home,1,0,0,0,0,1,0,0,0,0,0.3163921684026718,0.4294057935476303,0.3147665162881215,0.427932192881902,0.3141424506902694,0.4292537271976471,1,0,-0.0022497177124023,0.0
822,home,0,0,0,0,0,1,0,0,0,0,0.313085526227951,0.4291667342185974,0.31251855691274,0.4302429854869842,0.3122469484806061,0.42841836810112,1,0,-0.0008385777473449,0.0
823,home,1,0,0,0,0,1,0,0,0,0,0.8369097113609314,0.4042976796627044,0.8378711342811584,0.4038981695969899,0.8389565646648407,0.402493342757225,1,0,0.0020468533039093,0.0
824,home,0,0,0,0,0,1,0,0,0,0,0.8417212963104248,0.3990136384963989,0.8413195610046387,0.3981067140897115,0.8423154354095459,0.3990316092967987,1,0,0.000594139099121,0.0
825,home,1,0,0,0,0,1,0,0,0,0,0.8439998924732208,0.40019591152668,0.8438137372334799,0.3990567723910014,0.843924880027771,0.3992844223976135,0,1,0.0,-0.0009114891290664
826,home,1,0,0,0,0,1,0,0,0,0,0.846976637840271,0.397446945309639,0.8462203741073608,0.3967176973819732,0.8464307188987732,0.3983378708362579,0,1,0.0,0.0008909255266189
827,home,1,0,0,0,0,1,0,0,0,0,0.8469115495681763,0.397169828414917,0.8472684423128763,0.3977341254552205,0.8479048907756805,0.3980978429317474,1,0,0.0009933412075042,0.0
828,home,1,0,0,0,0,1,0,0,0,0,0.8521094620227814,0.3971277773380279,0.8528810739517212,0.3969063460826874,0.8530475199222565,0.3974576294422149,1,0,0.000938057899475,0.0
829,home,1,0,0,0,0,1,0,0,0,0,0.5894623398780823,0.4173223078250885,0.5889849265416464,0.4139286379019419,0.5883356332778931,0.4143677204847336,0,1,0.0,-0.0029545873403549
830,home,0,0,0,0,0,1,0,0,0,0,0.5875602960586548,0.4139565229415893,0.5869553486506144,0.4110522766908009,0.5870544910430908,0.4122132062911987,0,1,0.0,-0.0017433166503906
831,home,1,0,0,0,0,1,0,0,0,0,0.5890117883682251,0.4125560224056244,0.5888106822967529,0.4106432100137074,0.5887675881385803,0.4093838036060333,0,1,0.0,-0.003172218799591
832,home,1,0,0,0,0,1,0,0,0,0,0.5882653594017029,0.4108536094427109,0.587378184000651,0.4090552230676015,0.5862376093864441,0.4097949415445328,1,0,-0.0020277500152587,0.0
833,home,0,0,0,0,0,1,0,0,0,0,0.5868824422359467,0.4088907390832901,0.5867138306299845,0.409718135992686,0.5873831212520599,0.4090831577777862,1,0,0.0005006790161132,0.0
834,home,0,0,0,0,0,1,0,0,0,0,0.5881471335887909,0.4105106145143509,0.5890388886133829,0.4093671043713887,0.589388906955719,0.4082643985748291,0,1,0.0,-0.0022462159395217
835,home,1,0,0,0,0,1,0,0,0,0,0.5949015319347382,0.5196626782417297,0.5954376260439554,0.5197530388832092,0.5959632098674774,0.5199156701564789,1,0,0.0010616779327392,0.0
836,home,1,0,0,0,0,1,0,0,0,0,0.597771018743515,0.5211297273635864,0.5978373885154724,0.5207045276959738,0.5977462232112885,0.5202710032463074,0,1,0.0,-0.000858724117279
837,home,1,0,0,0,0,1,0,0,0,0,0.5995355844497681,0.5214825868606567,0.597582221031189,0.5207695563634237,0.5967893302440643,0.5206707417964935,1,0,-0.0027462542057037,0.0
838,home,1,0,0,0,0,1,0,0,0,0,0.5967135429382324,0.5001654475927353,0.5958315928777059,0.5013660589853922,0.5956657230854034,0.5018191635608673,0,1,0.0,0.001653715968132
839,home,1,0,0,0,0,1,0,0,0,0,0.5954551100730896,0.5031518042087555,0.5951713522275289,0.5033259590466818,0.5948719680309296,0.5026406049728394,1,0,-0.00058314204216,0.0
840,home,1,0,0,0,0,1,0,0,0,0,0.5081153810024261,0.6213275194168091,0.508134663105011,0.6224353313446045,0.5075938403606415,0.623492956161499,0,1,0.0,0.0021654367446899
841,home,1,0,0,0,0,1,0,0,0,0,0.5046946704387665,0.6227961182594299,0.5052897334098816,0.62257452805837,0.5055060684680939,0.6232799291610718,1,0,0.0008113980293273,0.0
842,home,1,0,0,0,0,1,0,0,0,0,0.5060335397720337,0.6245735287666321,0.5061768492062887,0.623586098353068,0.5060839653015137,0.6239442527294159,0,1,0.0,-0.0006292760372161
843,home,1,0,0,0,0,1,0,0,0,0,0.5069434940814972,0.6217136681079865,0.5065329869588217,0.6225800514221191,0.5060756206512451,0.6219997107982635,1,0,-0.000867873430252,0.0
844,home,1,0,0,0,0,1,0,0,0,0,0.5078684687614441,0.6211334466934204,0.507453441619873,0.6218396226565043,0.5066551268100739,0.6216518878936768,1,0,-0.0012133419513702,0.0
845,home,1,0,0,0,0,1,0,0,0,0,0.2541425377130508,0.5721750259399414,0.2531974613666534,0.5730463067690531,0.2522056102752685,0.5727242231369019,1,0,-0.0019369274377822,0.0
846,home,1,0,0,0,0,1,0,0,0,0,0.2548638880252838,0.5721937716007233,0.2546273171901703,0.5710632999738058,0.2535662055015564,0.5710041224956512,1,0,-0.0012976825237274,0.0
847,home,1,0,0,0,0,1,0,0,0,0,0.2472703829407692,0.5674322843551636,0.2452766795953115,0.5672311584154764,0.2444774955511093,0.566424697637558,1,0,-0.0027928873896598,0.0
848,home,1,0,0,0,0,1,0,0,0,0,0.2412532791495323,0.5660533010959625,0.2395004034042358,0.566191037495931,0.2400607615709304,0.5678921043872833,0,1,0.0,0.0018388032913208
849,home,1,0,0,0,0,1,0,0,0,0,0.2375466302037239,0.5659215152263641,0.2369766334692637,0.566240668296814,0.2373619228601455,0.5654453337192535,0,1,0.0,-0.0004761815071105
850,home,1,0,0,0,0,1,0,0,0,0,0.8834403157234192,0.5617398619651794,0.8883945743242899,0.5625335574150085,0.8904075920581818,0.5621321499347687,1,0,0.0069672763347625,0.0
851,home,1,0,0,0,0,1,0,0,0,0,0.8917495906352997,0.5645099878311157,0.8889449834823608,0.5647552808125814,0.8855971693992615,0.5653921663761139,1,0,-0.0061524212360382,0.0
852,home,1,0,0,0,0,1,0,0,0,0,0.8813967108726501,0.5651731193065643,0.8807028532028198,0.5657663742701212,0.8789368271827698,0.5652102530002594,1,0,-0.0024598836898803,0.0
853,home,1,0,0,0,0,1,0,0,0,0,0.8777540624141693,0.5649554133415222,0.875715990861257,0.5646053751309713,0.8744811713695526,0.5632098615169525,1,0,-0.0032728910446166,0.0
854,home,1,0,0,0,0,1,0,0,0,0,0.8750019073486328,0.5631941258907318,0.8747893571853638,0.5627963145573934,0.8747022747993469,0.5624000132083893,0,1,0.0,-0.0007941126823425
855,home,1,0,0,0,0,1,0,0,0,0,0.5706029832363129,0.4963384568691253,0.569445530573527,0.4937792917092641,0.5691001117229462,0.4952201098203659,1,0,-0.0015028715133666,0.0
856,home,1,0,0,0,0,1,0,0,0,0,0.5664332211017609,0.4974722266197204,0.567188541094462,0.4966324170430501,0.5668393969535828,0.4980072975158691,0,1,0.0,0.0005350708961486
857,home,1,0,0,0,0,1,0,0,0,0,0.5671284198760986,0.4991196244955063,0.5676733255386353,0.4991919696331024,0.5689754486083984,0.5002939999103546,1,0,0.0018470287322998,0.0
858,home,1,0,0,0,0,1,0,0,0,0,0.5699621140956879,0.4967701137065887,0.5666259924570719,0.4979940454165141,0.56517493724823,0.495373785495758,1,0,-0.0047871768474578,0.0
859,home,1,0,0,0,0,1,0,0,0,0,0.5620133876800537,0.4953407347202301,0.5613953073819479,0.4971967339515686,0.5603597462177277,0.4951929599046707,1,0,-0.001653641462326,0.0
860,home,0,0,0,0,0,1,0,0,0,0,0.6444754302501678,0.905618280172348,0.6492647131284078,0.9091800649960836,0.6589918732643127,0.915120005607605,1,0,0.0145164430141448,0.0
861,home,1,0,0,0,0,1,0,0,0,0,0.6442616283893585,0.3117301911115646,0.6439318855603536,0.3119508723417918,0.645824134349823,0.3146319389343261,0,1,0.0,0.0029017478227615
862,home,1,0,0,0,0,1,0,0,0,0,0.6442812085151672,0.317617654800415,0.6436362067858378,0.3167083958784739,0.6435332596302032,0.3180068880319595,1,0,-0.0007479488849639,0.0
863,home,1,0,0,0,0,1,0,0,0,0,0.6430809497833252,0.3165492862462997,0.6427853306134542,0.3155537645022074,0.643048495054245,0.315313309431076,0,1,0.0,-0.0012359768152236
864,home,1,0,0,0,0,1,0,0,0,0,0.6423482894897461,0.3180473297834396,0.6420264840126038,0.3179526130358378,0.6419135928153992,0.3173685520887375,0,1,0.0,-0.0006787776947021
865,home,1,0,1,1,1,1,0,0,0,0,0.6447830498218536,0.5431143939495087,0.6520015994707743,0.5871514678001404,0.6065359115600586,0.4576057642698288,0,1,0.0,-0.0855086296796798
866,home,1,0,0,0,0,1,0,0,0,0,0.5503850281238556,0.507285475730896,0.5487547318140665,0.5074534217516581,0.5485172867774963,0.5084638297557831,1,0,-0.0018677413463592,0.0
867,home,1,0,0,0,0,1,0,0,0,0,0.550035297870636,0.5091373324394226,0.5493790705998739,0.5078220168749491,0.5485860705375671,0.5081528723239899,1,0,-0.0014492273330688,0.0
868,home,1,0,0,0,0,1,0,0,0,0,0.5547090172767639,0.504831999540329,0.5521291097005209,0.5046406189600626,0.5531756281852722,0.5011562407016754,0,1,0.0,-0.0036757588386535
869,home,1,0,0,0,0,1,0,0,0,0,0.5563059449195862,0.4984258413314819,0.5559268395105997,0.5005364616711935,0.5560114979743958,0.5012761652469635,0,1,0.0,0.0028503239154815
870,home,1,0,0,0,0,1,0,0,0,0,0.3120761662721634,0.4338491708040237,0.3121178348859151,0.4337511658668518,0.3118568807840347,0.4317047446966171,0,1,0.0,-0.0021444261074066
871,home,0,0,0,0,0,1,0,0,0,0,0.307449996471405,0.4318101108074188,0.3070425689220428,0.4297908345858256,0.3057094514369964,0.4298286437988281,0,1,0.0,-0.0019814670085906
872,home,1,0,0,0,0,1,0,0,0,0,0.3065760880708694,0.4291014522314071,0.306457777818044,0.4290725390116374,0.305418848991394,0.4287939220666885,1,0,-0.0011572390794754,0.0
873,home,1,0,0,0,0,1,0,0,0,0,0.3054376393556595,0.4297752529382705,0.306110680103302,0.429748793443044,0.3070154339075088,0.4289794266223907,1,0,0.0015777945518493,0.0
874,home,1,0,0,0,0,1,0,0,0,0,0.3065579831600189,0.4300708472728729,0.3058638870716095,0.4294269482294718,0.3057110756635666,0.4296996891498565,1,0,-0.0008469074964523,0.0
875,home,1,0,0,0,0,1,0,0,0,0,0.8424999415874481,0.4083680659532547,0.8428262869517008,0.4114086826642354,0.8430965542793274,0.413005530834198,0,1,0.0,0.0046374648809432
876,home,1,0,0,0,0,1,0,0,0,0,0.8409698605537415,0.4142099469900131,0.8391797145207723,0.4127660095691681,0.8388439118862152,0.414206400513649,1,0,-0.0021259486675262,0.0
877,home,1,0,0,0,0,1,0,0,0,0,0.8404589295387268,0.4148943424224853,0.8392184774080912,0.4137239555517832,0.8395379781723022,0.4150640517473221,1,0,-0.0009209513664245,0.0
878,home,1,0,0,0,0,1,0,0,0,0,0.8394630551338196,0.4176684468984604,0.8396189411481222,0.4188633064428965,0.8389509916305542,0.4176702201366424,1,0,-0.0005120635032653,0.0
879,home,1,0,0,0,0,1,0,0,0,0,0.8378599882125854,0.41664619743824,0.8368818958600363,0.4165212611357371,0.8371575176715851,0.4188772290945053,0,1,0.0,0.0022310316562652
880,home,1,0,0,0,0,1,0,0,0,0,0.6341913342475891,0.2794732004404068,0.6358456214269003,0.2760138610998789,0.6347365081310272,0.2748983055353164,0,1,0.0,-0.0045748949050903
881,home,1,0,0,0,0,1,0,0,0,0,0.6328613460063934,0.277142271399498,0.6328066984812418,0.2797468403975169,0.6330861151218414,0.2816787362098694,0,1,0.0,0.0045364648103713
882,home,1,0,0,0,0,1,0,0,0,0,0.6304436028003693,0.2808074057102203,0.6295678416887919,0.2801245053609212,0.6291607022285461,0.2823747545480728,0,1,0.0,0.0015673488378524
883,home,0,0,0,0,0,1,0,0,0,0,0.6316715478897095,0.2800415456295013,0.6307462453842163,0.2814079721768697,0.6284241378307343,0.2799242734909057,1,0,-0.0032474100589752,0.0
884,home,1,0,0,0,0,1,0,0,0,0,0.628751665353775,0.2801138907670975,0.6287661989529928,0.2781924208005269,0.6280628740787506,0.2822383642196655,0,1,0.0,0.002124473452568
885,home,0,1,1,1,1,0,1,1,1,0,0.6229554116725922,0.9111589789390564,0.6573916474978129,0.8385796348253886,0.6351524591445923,0.7599063813686371,0,1,0.0,-0.1512525975704193
886,home,1,0,0,0,0,1,0,0,0,0,0.6584362685680389,0.4323905110359192,0.6604777375857035,0.4336608449618022,0.6580193340778351,0.4316705614328384,0,1,0.0,-0.0007199496030807
887,home,1,0,0,0,0,1,0,0,0,0,0.6503139138221741,0.4322332888841629,0.6468347509702047,0.4394559661547343,0.6420765817165375,0.4350011348724365,1,0,-0.0082373321056365,0.0
888,home,1,0,0,0,0,1,0,0,0,0,0.6396780908107758,0.4393190443515777,0.6393582423528036,0.4413032134373982,0.6405103206634521,0.4383539855480194,0,1,0.0,-0.0009650588035583
889,home,0,0,0,0,0,1,0,0,0,0,0.6437159776687622,0.4388259202241897,0.6388845046361288,0.4396766225496928,0.6362572014331818,0.4387877881526947,1,0,-0.0074587762355804,0.0
890,home,1,0,0,0,0,1,0,0,0,0,0.568071722984314,0.5643562078475952,0.5689085721969604,0.5667585531870524,0.5687507688999176,0.5636099874973297,0,1,0.0,-0.0007462203502655
891,home,1,0,0,0,0,1,0,0,0,0,0.5849305093288422,0.5632687211036682,0.5840359330177307,0.5663969914118449,0.5815877914428711,0.5641409456729889,1,0,-0.003342717885971,0.0
892,home,1,0,0,0,0,1,0,0,0,0,0.5746220946311951,0.5633881688117981,0.5742204387982687,0.5630128979682922,0.5691520571708679,0.5627113580703735,1,0,-0.0054700374603271,0.0
893,home,1,0,0,0,0,1,0,0,0,0,0.5735876262187958,0.5663726925849915,0.573259194691976,0.5669522881507874,0.5714535713195801,0.5664237439632416,1,0,-0.0021340548992156,0.0
894,home,0,0,0,0,0,1,0,0,0,0,0.5716008245944977,0.565525084733963,0.5714681148529053,0.5651994148890177,0.5716279447078705,0.567024439573288,0,1,0.0,0.0014993548393249
895,home,0,0,0,0,0,1,0,0,0,0,0.3772522062063217,0.5327620804309845,0.3706242541472117,0.5366237958272299,0.3755044490098953,0.5296903848648071,0,1,0.0,-0.0030716955661773
896,home,1,0,0,0,0,1,0,0,0,0,0.3756834715604782,0.5328177809715271,0.3729522327582041,0.5392707188924154,0.3712919801473617,0.542326033115387,0,1,0.0,0.0095082521438598
897,home,1,0,0,0,0,1,0,0,0,0,0.3818799257278442,0.5276252329349518,0.3788820306460063,0.5330049991607666,0.288956455886364,0.5294545888900757,1,0,-0.0929234698414802,0.0
898,home,1,0,0,0,0,1,0,0,0,0,0.3860743939876556,0.5413733422756195,0.3867123623689015,0.5482365489006042,0.3843124508857727,0.5432705581188202,0,1,0.0,0.0018972158432006
899,home,0,0,0,0,0,1,0,0,0,0,0.3770666122436523,0.5384184122085571,0.3754826386769612,0.541357179482778,0.3737215101718902,0.539230614900589,1,0,-0.003345102071762,0.0
900,home,1,0,0,0,0,1,0,0,0,0,0.8470010459423065,0.5515981018543243,0.8449501792589823,0.5529481768608093,0.8437614142894745,0.5508300960063934,1,0,-0.003239631652832,0.0
901,home,0,0,0,0,0,1,0,0,0,0,0.8462505042552948,0.5543664991855621,0.8471092581748962,0.55535356203715,0.8479518592357635,0.5575511753559113,0,1,0.0,0.0031846761703491
902,home,0,0,0,0,0,1,0,0,0,0,0.8535965383052826,0.5538209974765778,0.8530158599217733,0.5535592834154764,0.8525484502315521,0.5512594282627106,0,1,0.0,-0.0025615692138671
903,home,0,0,0,0,0,1,0,0,0,0,0.85166335105896,0.5533257722854614,0.8496265411376953,0.5555305282274882,0.8493013381958008,0.5531460344791412,1,0,-0.0023620128631591,0.0
904,home,0,0,0,0,0,1,0,0,0,0,0.8514499962329865,0.5518376231193542,0.8521459499994913,0.5531070629755656,0.8534617722034454,0.5544915795326233,0,1,0.0,0.002653956413269
905,home,1,0,0,0,0,1,0,0,0,0,0.612877756357193,0.4624438136816025,0.6079367399215698,0.4662699699401855,0.605058491230011,0.4657752364873886,1,0,-0.007819265127182,0.0
906,home,1,0,0,0,0,1,0,0,0,0,0.6107700169086456,0.4718530178070068,0.6110056638717651,0.4744831919670105,0.6143302321434021,0.474924549460411,1,0,0.0035602152347564,0.0
907,home,0,0,0,0,0,1,0,0,0,0,0.6108864545822144,0.4739677608013153,0.6089645028114319,0.4750520686308543,0.6097981333732605,0.4779795110225677,0,1,0.0,0.0040117502212524
908,home,0,0,0,0,0,1,0,0,0,0,0.6041600704193115,0.4728861600160599,0.606242855389913,0.4749994774659474,0.6072437763214111,0.4751461893320083,1,0,0.0030837059020996,0.0
909,home,1,0,0,0,0,1,0,0,0,0,0.6077629923820496,0.4719725698232651,0.6036121447881063,0.4688193698724111,0.600691020488739,0.4674999415874481,1,0,-0.0070719718933105,0.0
910,home,1,0,0,0,0,1,0,0,0,0,0.5916337072849274,0.4261651188135147,0.590011477470398,0.4257436196009318,0.5881826877593994,0.4257118701934814,1,0,-0.0034510195255279,0.0
911,home,1,0,0,0,0,1,0,0,0,0,0.5872157514095306,0.4255916476249695,0.5886320471763611,0.4243929982185364,0.5905937850475311,0.4241728335618973,1,0,0.0033780336380004,0.0
912,home,0,0,0,0,0,1,0,0,0,0,0.5918395817279816,0.425618439912796,0.5931846102078756,0.4250478943188985,0.5923893749713898,0.4237133711576462,0,1,0.0,-0.0019050687551498
913,home,0,0,0,0,0,1,0,0,0,0,0.590516060590744,0.4220410287380218,0.5917157332102457,0.4212380647659302,0.5938668847084045,0.4222252368927002,1,0,0.0033508241176605,0.0
914,home,1,0,0,0,0,1,0,0,0,0,0.5957527160644531,0.4200229495763778,0.591735819975535,0.4193821450074513,0.5879694819450378,0.4183537811040878,1,0,-0.0077832341194152,0.0
915,home,1,0,0,0,0,1,0,0,0,0,0.5314188897609711,0.5388340353965759,0.5326104958852133,0.5398674209912618,0.5334754884243011,0.5387402772903442,1,0,0.00205659866333,0.0
916,home,0,0,0,0,0,1,0,0,0,0,0.5335918664932251,0.538426548242569,0.5341215332349142,0.5388014316558838,0.5339916944503784,0.5376695692539215,0,1,0.0,-0.0007569789886474
917,home,1,0,0,0,0,1,0,0,0,0,0.5347723066806793,0.539496660232544,0.5355271299680074,0.5400594671567281,0.5363359153270721,0.5396742224693298,1,0,0.0015636086463928,0.0
918,home,1,0,0,0,0,1,0,0,0,0,0.5370806157588959,0.5386787354946136,0.5361385146776835,0.5379254619280497,0.5356734693050385,0.5385223627090454,1,0,-0.0014071464538574,0.0
919,home,0,0,0,0,0,1,0,0,0,0,0.5338341593742371,0.5386355817317963,0.5323327779769897,0.5376272996266683,0.5313285887241364,0.537423700094223,1,0,-0.0025055706501007,0.0
920,home,0,0,0,0,0,1,0,0,0,0,0.2720558196306228,0.4795243889093399,0.2734909057617187,0.4802997012933095,0.2736190259456634,0.4797329753637314,1,0,0.0015632063150405,0.0
921,home,1,0,0,0,0,1,0,0,0,0,0.2722769230604172,0.4794608354568481,0.2717935442924499,0.4800219138463338,0.2714569121599197,0.4786213189363479,0,1,0.0,-0.0008395165205001
922,home,1,0,0,0,0,1,0,0,0,0,0.2726392894983291,0.4795492887496948,0.2727293074131012,0.479555477698644,0.272742748260498,0.4799198657274246,0,1,0.0,0.0003705769777297
923,home,0,0,0,0,0,1,0,0,0,0,0.273300364613533,0.4806046336889267,0.272834450006485,0.479649265607198,0.2728652358055115,0.4805972576141357,1,0,-0.0004351288080215,0.0
924,home,0,0,0,0,0,1,0,0,0,0,0.2705853879451751,0.4799817949533462,0.2708962062994639,0.4806458453337351,0.2703267186880111,0.4795944690704345,0,1,0.0,-0.0003873258829116
925,home,0,0,0,0,0,1,0,0,0,0,0.8858036696910858,0.4582646787166595,0.8858981529871622,0.4580339888731639,0.8855376839637756,0.4571146368980407,0,1,0.0,-0.0011500418186187
926,home,0,0,0,0,0,1,0,0,0,0,0.8883324861526489,0.4587344527244568,0.8885287443796793,0.4576935569445292,0.8880710899829865,0.4585344642400741,1,0,-0.0002613961696624,0.0
927,home,0,0,0,0,0,1,0,0,0,0,0.8869963586330414,0.4579584449529648,0.8865758577982584,0.4566984077294667,0.8857029378414154,0.4561288505792618,0,1,0.0,-0.001829594373703
928,home,0,0,0,0,0,1,0,0,0,0,0.8815945088863373,0.457445815205574,0.8823381066322327,0.4565901656945546,0.883292555809021,0.4573738574981689,1,0,0.0016980469226837,0.0
929,home,1,0,0,0,0,1,0,0,0,0,0.8850874304771423,0.4584597051143646,0.8859747052192688,0.4584840536117553,0.8863892555236816,0.4586297869682312,1,0,0.0013018250465393,0.0
930,home,0,0,0,0,0,1,0,0,0,0,0.6099422872066498,0.4067267179489136,0.6091428796450297,0.4026308755079905,0.4468958973884582,0.4077417403459549,1,0,-0.1630463898181915,0.0
931,home,1,0,0,0,0,1,0,0,0,0,0.6126264929771423,0.3963559865951538,0.6112603147824606,0.3960305253664652,0.6120284795761108,0.396059900522232,1,0,-0.0005980134010314,0.0
932,home,0,0,0,0,0,1,0,0,0,0,0.6116434335708618,0.394651249051094,0.6138947804768881,0.3947683175404866,0.6121544539928436,0.3922622054815292,0,1,0.0,-0.0023890435695648
933,home,0,0,0,0,0,1,0,0,0,0,0.6113324463367462,0.38999243080616,0.6098091999689738,0.3891163070996602,0.6080604493618011,0.388905718922615,1,0,-0.003271996974945,0.0
934,home,0,0,0,0,0,1,0,0,0,0,0.6125253438949585,0.3833939582109451,0.6126298705736796,0.38479811946551,0.6122843325138092,0.3860145509243011,0,1,0.0,0.002620592713356
935,rotate_up,0,0,0,0,0,1,1,0,0,0,0.6191266477108002,0.5682678520679474,0.6119484504063925,0.4504541754722595,0.611310750246048,0.3427740484476089,0,1,0.0,-0.2254938036203384
936,rotate_up,1,0,0,0,0,1,1,0,0,0,0.5977659523487091,0.6107995212078094,0.599554717540741,0.4721073905626933,0.5947912931442261,0.3834912180900574,0,1,0.0,-0.227308303117752
937,rotate_up,1,0,0,0,0,1,1,0,0,0,0.5811064839363098,0.6125694811344147,0.5845542152722677,0.4844989081223805,0.5859538912773132,0.3937675803899765,0,1,0.0,-0.2188019007444381
938,rotate_up,0,0,0,0,0,1,1,0,0,0,0.5915279686450958,0.5914349853992462,0.594347337881724,0.4541093011697133,0.5953480005264282,0.372322142124176,0,1,0.0,-0.2191128432750702
939,rotate_up,1,0,0,0,0,1,1,0,0,0,0.5946334600448608,0.581500768661499,0.5941713452339172,0.4433922866980235,0.5836285054683685,0.3613126575946808,0,1,0.0,-0.2201881110668182
940,rotate_up,1,0,0,0,0,1,1,0,0,0,0.5654395520687103,0.64610356092453,0.5619075894355774,0.5728666583697001,0.5623803436756134,0.5197377800941467,0,1,0.0,-0.1263657808303833
941,rotate_up,1,0,0,0,0,1,1,0,0,0,0.5563428997993469,0.6314807534217834,0.5542095303535461,0.5782317320505778,0.5517773330211639,0.5052111148834229,0,1,0.0,-0.1262696385383606
942,rotate_up,1,0,0,0,0,1,1,0,0,0,0.554260641336441,0.6341957449913025,0.5548317035039266,0.5374972422917684,0.5527777373790741,0.4902304261922836,0,1,0.0,-0.1439653187990188
943,rotate_up,0,0,0,0,0,1,1,0,0,0,0.5545448362827301,0.6143964529037476,0.554981549580892,0.5531356732050577,0.5531886518001556,0.4826158583164215,0,1,0.0,-0.131780594587326
944,rotate_up,1,0,0,0,0,1,1,0,0,0,0.5560941696166992,0.6180860996246338,0.5560560425122579,0.5136254827181498,0.5539265275001526,0.4857871532440185,0,1,0.0,-0.1322989463806152
945,rotate_up,1,1,0,0,0,1,1,0,0,0,0.3164444267749786,0.5916869044303894,0.3214255770047505,0.5042586127916971,0.3204910010099411,0.4273492395877838,0,1,0.0,-0.1643376648426056
946,rotate_up,0,0,0,0,0,1,1,0,0,0,0.3140791654586792,0.5786294341087341,0.3170402348041534,0.4930061896642049,0.3145517408847809,0.4310405552387237,0,1,0.0,-0.1475888788700103
947,rotate_up,0,0,0,0,0,1,1,0,0,0,0.3180269300937652,0.5791262686252594,0.3193142612775166,0.4825761914253235,0.3138982951641083,0.4200754016637802,0,1,0.0,-0.1590508669614792
948,rotate_up,1,0,0,0,0,1,1,0,0,0,0.3117705881595611,0.5675712525844574,0.3117672602335612,0.4826251665751139,0.3061804324388504,0.4296958446502685,0,1,0.0,-0.1378754079341888
949,rotate_up,0,0,0,0,0,1,1,0,0,0,0.3172693997621536,0.5843455195426941,0.3118665317694346,0.4804649750391642,0.3072549253702163,0.4289837628602981,0,1,0.0,-0.1553617566823959
950,rotate_up,1,0,0,0,0,1,1,0,0,0,0.8330925107002258,0.5938997566699982,0.8411891857782999,0.4998078346252441,0.8450965881347656,0.4241633862257004,0,1,0.0,-0.1697363704442978
951,rotate_up,0,0,0,0,0,1,1,0,0,0,0.8469894230365753,0.576068788766861,0.8515543937683105,0.497170090675354,0.8430318534374237,0.4136654138565063,0,1,0.0,-0.1624033749103546
952,rotate_up,1,0,0,0,0,1,1,0,0,0,0.8387512266635895,0.5945797264575958,0.8490170041720072,0.4678627649943034,0.8463329970836639,0.4025205224752426,0,1,0.0,-0.1920592039823532
953,rotate_up,0,0,0,0,0,1,1,0,0,0,0.8467670679092407,0.59076789021492,0.8529392083485922,0.5098251104354858,0.8463190793991089,0.4049299657344818,0,1,0.0,-0.1858379244804382
954,rotate_up,1,0,0,0,0,1,1,0,0,0,0.8513679504394531,0.5817462205886841,0.8514472047487894,0.5615953405698141,0.8545853197574615,0.4979685544967651,0,1,0.0,-0.0837776660919189
955,rotate_up,0,0,0,0,0,1,1,0,0,0,0.8537981808185577,0.4210236370563507,0.8471985459327698,0.4080974161624908,0.8494943380355835,0.4086899310350418,0,1,0.0,-0.0123337060213088
956,rotate_up,1,0,0,0,0,1,1,0,0,0,0.611495167016983,0.6576315760612488,0.6286095579465231,0.4821263154347737,0.6189286708831787,0.3414642065763473,0,1,0.0,-0.3161673694849014
957,rotate_up,1,0,0,0,0,1,1,0,0,0,0.5951988995075226,0.6222482621669769,0.6095890402793884,0.4592053393522898,0.6003765165805817,0.3480264693498611,0,1,0.0,-0.2742217928171158
958,rotate_up,1,0,0,0,0,1,1,0,0,0,0.5947518050670624,0.6124320924282074,0.6065718332926432,0.4942775170008341,0.6017973721027374,0.3452997356653213,0,1,0.0,-0.267132356762886
959,rotate_up,0,0,0,0,0,1,1,0,0,0,0.603571206331253,0.5867688655853271,0.6041747132937113,0.4752099215984344,0.600888729095459,0.3366965353488922,0,1,0.0,-0.2500723302364349
960,rotate_up,1,0,0,0,0,1,1,0,0,0,0.5800847411155701,0.5926074385643005,0.5877405206362406,0.4936068852742513,0.5826044082641602,0.3282464295625686,0,1,0.0,-0.2643610090017319
961,rotate_up,1,0,0,0,0,1,1,0,0,0,0.5758240818977356,0.5144717991352081,0.6004106203715006,0.2692808111508687,0.5962314903736115,0.3685672581195831,0,1,0.0,-0.145904541015625
962,rotate_up,1,0,0,0,0,1,1,0,0,0,0.566103994846344,0.5571136474609375,0.6019551952679952,0.3464860518773396,0.592311829328537,0.2905315607786178,0,1,0.0,-0.2665820866823196
963,rotate_up,0,0,0,0,0,1,1,0,0,0,0.5645412504673004,0.5473892688751221,0.5728343923886617,0.5106078783671061,0.5899913012981415,0.2912540435791015,0,1,0.0,-0.2561352252960205
964,rotate_up,0,0,0,0,0,1,1,0,0,0,0.5693602561950684,0.5369682013988495,0.5651296774546305,0.5273013313611349,0.5998532474040985,0.2506710439920425,0,1,0.0,-0.2862971574068069
965,rotate_up,0,0,0,0,0,1,1,0,0,0,0.5762967467308044,0.5340169966220856,0.5745872855186462,0.5105354189872742,0.5965118110179901,0.2426028847694397,0,1,0.0,-0.2914141118526459
966,rotate_up,0,0,0,0,0,1,1,0,0,0,0.5202727913856506,0.6121976673603058,0.5227540930112203,0.6002995173136393,0.5330384373664856,0.4750320464372635,0,1,0.0,-0.1371656209230423
967,rotate_up,0,0,0,0,0,1,1,0,0,0,0.5179816484451294,0.6257629990577698,0.5264801780382792,0.5612117648124695,0.5314427018165588,0.4769116193056106,0,1,0.0,-0.1488513797521591
968,rotate_up,1,0,0,0,0,1,1,0,0,0,0.5133195221424103,0.6349950134754181,0.5119738976160685,0.6335709095001221,0.5272129774093628,0.4758591204881668,0,1,0.0,-0.1591358929872512
969,rotate_up,0,0,0,0,0,1,1,0,0,0,0.5135800242424011,0.6316544711589813,0.5162740548451742,0.631566047668457,0.5363397002220154,0.475697711110115,0,1,0.0,-0.1559567600488662
970,rotate_up,0,0,0,0,0,1,1,0,0,0,0.5190044045448303,0.6303377449512482,0.5160362521807352,0.6346548398335775,0.5345155596733093,0.4759887307882309,0,1,0.0,-0.1543490141630172
971,rotate_up,0,0,0,0,0,1,1,0,0,0,0.5088160634040833,0.6372968554496765,0.5076862772305807,0.6401814818382263,0.5158763527870178,0.6091437637805939,0,1,0.0,-0.0281530916690826
972,rotate_up,0,0,0,0,0,1,1,0,0,0,0.5279878377914429,0.5257714688777924,0.5298818747202555,0.4625715414683024,0.5314193964004517,0.4630855023860931,0,1,0.0,-0.0626859664916992
973,rotate_up,0,0,0,0,0,1,1,0,0,0,0.2859215587377548,0.5978499054908752,0.2838356991608937,0.5971190333366394,0.2960964441299438,0.5722804665565491,0,1,0.0,-0.0255694389343261
974,rotate_up,0,0,0,0,0,1,1,0,0,0,0.3308626860380173,0.4170931428670883,0.3296283682187398,0.3989338278770447,0.3278863281011581,0.3998422026634216,0,1,0.0,-0.0172509402036666
975,rotate_up,0,0,0,0,0,1,1,0,0,0,0.2674723118543625,0.5999391078948975,0.2888329029083252,0.5225125749905905,0.3021627366542816,0.3939938247203827,0,1,0.0,-0.2059452831745147
976,rotate_up,0,0,0,0,0,1,1,0,0,0,0.2728933990001678,0.5981011092662811,0.2893055478731791,0.5245456695556641,0.3063822239637375,0.4012317210435867,0,1,0.0,-0.1968693882226944
977,rotate_up,0,0,0,0,0,1,1,0,0,0,0.2714936584234237,0.5977664887905121,0.2767325441042582,0.5820774435997009,0.3045042902231216,0.4026903510093689,0,1,0.0,-0.1950761377811432
978,rotate_up,0,0,0,0,0,1,1,0,0,0,0.7823479771614075,0.5714659988880157,0.7771012584368387,0.5710564653078715,0.7746204435825348,0.5728463232517242,1,0,-0.0077275335788726,0.0
979,rotate_up,0,0,0,0,0,1,1,0,0,0,0.7832114398479462,0.546814501285553,0.7957703272501627,0.4660964608192444,0.8007127940654755,0.3825968503952026,0,1,0.0,-0.1642176508903503
980,rotate_up,0,0,0,0,0,1,1,0,0,0,0.7840033173561096,0.599363386631012,0.802080512046814,0.4890807867050171,0.8043030798435211,0.3884748816490173,0,1,0.0,-0.2108885049819946
981,rotate_up,0,0,0,0,0,1,1,0,0,0,0.7767751216888428,0.6015475690364838,0.7824414571126302,0.5779868364334106,0.795348048210144,0.5027404129505157,0,1,0.0,-0.098807156085968
982,rotate_up,0,0,0,0,0,1,1,0,0,0,0.7739980220794678,0.6053147614002228,0.7818078796068827,0.5908918380737305,0.7972113490104675,0.3710653930902481,0,1,0.0,-0.2342493683099746
983,rotate_up,0,0,0,0,0,1,1,0,0,0,0.7782702744007111,0.6085128486156464,0.7775534192721049,0.6084895133972168,0.8000441193580627,0.4349945336580276,0,1,0.0,-0.1735183149576187
984,rotate_up,0,0,0,0,0,1,1,0,0,0,0.7982054352760315,0.6018128097057343,0.8144166072209676,0.4571733673413594,0.8096956610679626,0.3896022439002991,0,1,0.0,-0.2122105658054351
985,rotate_up,0,0,0,0,0,1,1,0,0,0,0.8046514391899109,0.4786635488271713,0.8002370993296305,0.3960196177164714,0.8016462326049805,0.3972413688898086,0,1,0.0,-0.0814221799373626
986,rotate_up,0,0,0,0,0,1,1,0,0,0,0.6893894374370575,0.5254988074302673,0.7044737935066223,0.3576102058092753,0.6997977793216705,0.232534609735012,0,1,0.0,-0.2929641976952553
987,rotate_up,0,0,0,0,0,1,1,0,0,0,0.669057160615921,0.5406084358692169,0.6976300279299418,0.4142692784468333,0.4901065975427627,0.3997618108987808,1,0,-0.1789505630731582,0.0
988,rotate_up,0,0,0,0,0,1,1,0,0,0,0.6636083126068115,0.5515235066413879,0.660685658454895,0.5327871441841125,0.6976423859596252,0.2279838174581527,0,1,0.0,-0.3235396891832351
989,rotate_up,0,0,0,0,0,1,1,0,0,0,0.6462743580341339,0.5482945740222931,0.6680448849995931,0.4844537278016408,0.6984191536903381,0.2448406815528869,0,1,0.0,-0.3034538924694061
990,rotate_up,0,0,0,0,0,1,1,0,0,0,0.6267110705375671,0.5893515646457672,0.6267993052800497,0.5902966856956482,0.6826500594615936,0.3631417900323868,0,1,0.0,-0.2262097746133804
991,rotate_up,0,0,0,0,0,1,1,0,0,0,0.6831899285316467,0.5259990990161896,0.6971964240074158,0.3569802641868591,0.6839246451854706,0.2916483432054519,0,1,0.0,-0.2343507558107376
992,rotate_up,0,0,0,0,0,1,1,0,0,0,0.6743323802947998,0.5923706889152527,0.6942075888315836,0.2665628592173258,0.6965837478637695,0.2788262069225311,0,1,0.0,-0.3135444819927215
993,rotate_up,0,0,0,0,0,1,1,0,0,0,0.674274742603302,0.6117196977138519,0.6982091863950094,0.4266487161318461,0.6958174705505371,0.2818984687328338,0,1,0.0,-0.329821228981018
994,rotate_up,0,0,0,0,0,1,1,0,0,0,0.6699936091899872,0.5953134894371033,0.6999686360359192,0.3257895012696584,0.688072681427002,0.2499276250600814,0,1,0.0,-0.3453858643770218
995,rotate_up,0,0,0,0,0,1,1,0,0,0,0.6654298603534698,0.5876699686050415,0.6983551383018494,0.325343241294225,0.686476856470108,0.3030489534139633,0,1,0.0,-0.2846210151910782
996,rotate_up,1,1,0,0,0,1,1,0,0,0,0.5726615488529205,0.6294949352741241,0.5711861252784729,0.6213506658871969,0.5710059702396393,0.5014324486255646,0,1,0.0,-0.1280624866485595
997,rotate_up,1,0,0,0,0,1,1,0,0,0,0.57167649269104,0.6420825123786926,0.5769100983937582,0.5343418717384338,0.5777644515037537,0.5059464871883392,0,1,0.0,-0.1361360251903534
998,rotate_up,1,0,0,0,0,1,1,0,0,0,0.5687189996242523,0.6431455612182617,0.5808521111806234,0.5044660369555155,0.5821249186992645,0.4884445965290069,0,1,0.0,-0.1547009646892547
999,rotate_up,1,0,0,0,0,1,1,0,0,0,0.5712463557720184,0.6490711569786072,0.5847017566363016,0.5711219906806946,0.5818018019199371,0.4939535558223724,0,1,0.0,-0.1551176011562347
1000,rotate_up,1,0,0,0,0,1,1,0,0,0,0.573052167892456,0.6570545732975006,0.5856566031773885,0.525870124499003,0.5809783339500427,0.50323686003685,0,1,0.0,-0.1538177132606506
1001,rotate_up,1,0,0,0,0,1,1,0,0,0,0.8377925753593445,0.6280680894851685,0.8454042077064514,0.5530572533607483,0.846477597951889,0.517239898443222,0,1,0.0,-0.1108281910419464
1002,rotate_up,0,0,0,0,0,1,1,0,0,0,0.8522206842899323,0.5450018346309662,0.8482545216878256,0.5162421067555746,0.8482373356819153,0.5163474082946777,0,1,0.0,-0.0286544263362884
1003,rotate_up,1,0,0,0,0,1,1,0,0,0,0.8522896766662598,0.6426352262496948,0.8538086811701456,0.5157584547996521,0.8578108847141266,0.5167576670646667,0,1,0.0,-0.125877559185028
1004,rotate_up,0,0,0,0,0,1,1,0,0,0,0.8616974651813507,0.644409716129303,0.863487700621287,0.5034710168838501,0.8628621399402618,0.5058973431587219,0,1,0.0,-0.138512372970581
1005,rotate_up,1,0,0,0,0,1,1,0,0,0,0.8635059297084808,0.6442904770374298,0.860271135965983,0.5294922192891439,0.8568878769874573,0.5165310800075531,0,1,0.0,-0.1277593970298767
1006,rotate_up,1,0,0,0,0,1,1,0,0,0,0.2874742895364761,0.6339017152786255,0.2957239250342051,0.5302113095919291,0.2971067428588867,0.5123265981674194,0,1,0.0,-0.121575117111206
1007,rotate_up,0,0,0,0,0,1,1,0,0,0,0.2886001318693161,0.6528678238391876,0.3033882876237233,0.5467897852261862,0.3019543439149856,0.5212807655334473,0,1,0.0,-0.1315870583057403
1008,rotate_up,1,0,0,0,0,1,1,0,0,0,0.2935984283685684,0.6545193791389465,0.3047500848770141,0.5590921441713969,0.3002763092517853,0.5087949633598328,0,1,0.0,-0.1457244157791137
1009,rotate_up,1,0,0,0,0,1,1,0,0,0,0.2939495146274566,0.6557111740112305,0.2944922347863515,0.6395730574925741,0.2982474118471145,0.5329056978225708,0,1,0.0,-0.1228054761886596
1010,rotate_up,1,0,0,0,0,1,1,0,0,0,0.2891976088285446,0.6606004238128662,0.296750287214915,0.5426616271336874,0.2974064797163009,0.5320551693439484,0,1,0.0,-0.1285452544689178
1011,rotate_up,1,0,0,0,0,1,1,0,0,0,0.6577948033809662,0.5423249900341034,0.6655744314193726,0.3413674632708232,0.519191175699234,0.4371145665645599,1,0,-0.1386036276817321,0.0
1012,rotate_up,0,0,0,0,0,1,1,0,0,0,0.653957337141037,0.5663713216781616,0.6665612061818441,0.4278641045093536,0.5284992605447769,0.4402107000350952,0,1,0.0,-0.1261606216430664
1013,rotate_up,1,0,0,0,0,1,1,0,0,0,0.6584864258766174,0.5644703209400177,0.686962882677714,0.3529396255811055,0.5337372869253159,0.4468319714069366,1,0,-0.1247491389513015,0.0
1014,rotate_up,0,0,0,0,0,1,1,0,0,0,0.6583466231822968,0.5732947885990143,0.6712104280789694,0.3749402662118276,0.6662057042121887,0.3331048190593719,0,1,0.0,-0.2401899695396423
1015,rotate_up,1,0,0,0,0,1,1,0,0,0,0.6613471210002899,0.561034619808197,0.6701510548591614,0.35357399781545,0.6711452007293701,0.3743579834699631,0,1,0.0,-0.1866766363382339
1016,rotate_up,1,0,0,0,0,1,1,0,0,0,0.629204511642456,0.3985485583543777,0.6394786437352499,0.4374615053335826,0.6376970410346985,0.53715780377388,0,1,0.0,0.1386092454195022
1017,rotate_up,1,0,0,0,0,1,1,0,0,0,0.6320366263389587,0.5107866823673248,0.63841446240743,0.2699769039948781,0.6369436085224152,0.2835002094507217,0,1,0.0,-0.2272864729166031
1018,rotate_up,1,1,0,0,0,1,1,0,0,0,0.6170831322669983,0.5187574326992035,0.6249373952547709,0.3037050863107045,0.6248071193695068,0.251844048500061,0,1,0.0,-0.2669133841991424
1019,rotate_up,1,0,0,0,0,1,1,0,0,0,0.6136285066604614,0.5156731307506561,0.6258988976478577,0.3549032012621562,0.6290648281574249,0.2544587403535843,0,1,0.0,-0.2612143903970718
1020,rotate_up,1,0,0,0,0,1,1,0,0,0,0.6130551695823669,0.4741011261940002,0.6165614326794943,0.3443585932254791,0.6246069669723511,0.2468687519431114,0,1,0.0,-0.2272323742508888
1021,rotate_up,1,1,0,0,0,1,1,0,0,0,0.5380831062793732,0.555151641368866,0.540986975034078,0.4547895193099975,0.5400305390357971,0.441276952624321,0,1,0.0,-0.1138746887445449
1022,rotate_up,0,0,0,0,0,1,1,0,0,0,0.5380813181400299,0.5806835889816284,0.5417685111363729,0.4964752991994222,0.5403982102870941,0.4430532455444336,0,1,0.0,-0.1376303434371948
1023,rotate_up,1,0,0,0,0,1,1,0,0,0,0.5368259847164154,0.572145015001297,0.540887733300527,0.5119940042495728,0.5401386320590973,0.447967454791069,0,1,0.0,-0.1241775602102279
1024,rotate_up,0,0,0,0,0,1,0,1,0,0,0.5349374115467072,0.5678411722183228,0.5394777258237203,0.5014861822128296,0.4739115834236145,0.4890528619289398,0,1,0.0,-0.0787883102893829
1025,rotate_up,1,0,0,0,0,1,1,1,0,0,0.5339946150779724,0.5625769793987274,0.5388971567153931,0.5039559106032053,0.5319234430789948,0.4371931850910187,0,1,0.0,-0.1253837943077087
1026,rotate_up,1,0,0,0,0,1,1,0,0,0,0.3073775619268417,0.4786268472671509,0.3116068641344706,0.3339558839797973,0.3111086934804916,0.3055776357650757,0,1,0.0,-0.1730492115020752
1027,rotate_up,1,1,0,0,0,1,1,0,0,0,0.294209748506546,0.4943007528781891,0.3056017359097798,0.3858762482802073,0.3092498034238815,0.3052627891302109,0,1,0.0,-0.1890379637479782
1028,rotate_up,1,1,0,0,0,1,1,0,0,0,0.2914774417877197,0.491411343216896,0.3051823377609253,0.3989486793677012,0.3022221475839615,0.3117738366127014,0,1,0.0,-0.1796375066041946
1029,rotate_up,1,0,0,0,0,1,1,0,0,0,0.2895637601613998,0.4856569468975067,0.2976357241471608,0.4048943221569061,0.3003579974174499,0.3139547854661941,0,1,0.0,-0.1717021614313125
1030,rotate_up,1,0,0,0,0,1,1,0,0,0,0.2858294993638992,0.479728415608406,0.2969787021478017,0.3827473719914754,0.2960994094610214,0.3134548962116241,0,1,0.0,-0.1662735193967819
1031,rotate_up,1,0,0,0,0,1,1,0,0,0,0.8133222162723541,0.4410876333713531,0.8126936356226603,0.289913922548294,0.8134120106697083,0.2888725847005844,0,1,0.0,-0.1522150486707687
1032,rotate_up,0,0,0,0,0,1,1,0,0,0,0.8174811899662018,0.4598657935857773,0.8237380186716715,0.3509428699811299,0.8168001770973206,0.293299987912178,0,1,0.0,-0.1665658056735992
1033,rotate_up,0,0,0,0,0,1,1,0,0,0,0.8104133903980255,0.4692628085613251,0.8170496821403503,0.3202191988627116,0.8144344985485077,0.2804049253463745,0,1,0.0,-0.1888578832149505
1034,rotate_up,1,0,0,0,0,1,1,0,0,0,0.8161176145076752,0.4509105235338211,0.8258711099624634,0.3710569640000661,0.8166521787643433,0.2885659039020538,0,1,0.0,-0.1623446196317672
1035,rotate_up,1,0,0,0,0,1,1,0,0,0,0.8081198930740356,0.46295265853405,0.8189691702524821,0.3464312056700389,0.8118639588356018,0.2970982789993286,0,1,0.0,-0.1658543795347213
1036,rotate_up,0,0,0,0,0,1,1,0,0,0,0.6001467406749725,0.2948822826147079,0.6132933894793192,0.168493906656901,0.6043915152549744,0.4186040163040161,0,1,0.0,0.1237217336893081
1037,rotate_up,1,0,0,0,0,1,1,0,0,0,0.6080069839954376,0.4038694947957992,0.621299942334493,0.1346956491470337,0.6162942349910736,0.1345297321677208,0,1,0.0,-0.2693397626280784
1038,rotate_up,1,1,0,0,0,1,1,0,0,0,0.6083332002162933,0.3870866149663925,0.6089199980099996,0.3856692214806874,0.4817395359277725,0.370205357670784,1,0,-0.1265936642885208,0.0
1039,rotate_up,0,0,0,0,0,1,1,0,0,0,0.6092868447303772,0.3817202001810074,0.624367872873942,0.1668738077084223,0.6244422793388367,0.1587010324001312,0,1,0.0,-0.2230191677808761
1040,rotate_up,1,1,0,0,0,1,1,0,0,0,0.6068442165851593,0.4079277962446213,0.6159175435702006,0.3013250728448232,0.6177968382835388,0.1521360129117965,0,1,0.0,-0.2557917833328247
1041,rotate_up,1,0,0,0,0,1,1,0,0,0,0.6094255447387695,0.4033295959234237,0.6125208139419556,0.3152800003687541,0.6143554449081421,0.1659552156925201,0,1,0.0,-0.2373743802309036
1042,rotate_up,1,0,0,0,0,1,1,0,0,0,0.6098484992980957,0.4704158008098602,0.6150010228157043,0.4350145260492961,0.6304499506950378,0.1857258453965187,0,1,0.0,-0.2846899554133415
1043,rotate_up,0,0,0,0,0,1,1,0,0,0,0.6204480826854706,0.4927005171775818,0.6419912179311117,0.2751609086990356,0.6302904188632965,0.2552483230829239,0,1,0.0,-0.2374521940946579
1044,rotate_up,1,0,0,0,0,1,1,0,0,0,0.6141583919525146,0.4897601008415222,0.6183708707491556,0.4066376288731892,0.6206507980823517,0.2655022889375686,0,1,0.0,-0.2242578119039535
1045,rotate_up,0,0,0,0,0,1,1,0,0,0,0.6099450290203094,0.4929516315460205,0.618162214756012,0.4036193490028381,0.618427962064743,0.2838262021541595,0,1,0.0,-0.2091254293918609
1046,rotate_up,0,0,0,0,0,1,1,0,0,0,0.5983395278453827,0.4950719326734543,0.600715716679891,0.4618025422096252,0.6072112023830414,0.2810443490743637,0,1,0.0,-0.2140275835990905
1047,rotate_up,1,0,0,0,0,1,1,0,0,0,0.840200811624527,0.5385537147521973,0.8320661385854086,0.3624154726664225,0.8333796262741089,0.372278556227684,0,1,0.0,-0.1662751585245132
1048,rotate_up,1,0,0,0,0,1,1,0,0,0,0.8378737270832062,0.5237407386302948,0.833961546421051,0.4070145785808563,0.8377585709095001,0.3862670958042145,0,1,0.0,-0.1374736428260803
1049,rotate_up,1,0,0,0,0,1,1,0,0,0,0.8353435099124908,0.526167631149292,0.8415882388750712,0.4395803610483805,0.8407036066055298,0.3882326036691665,0,1,0.0,-0.1379350274801254
1050,rotate_up,0,0,0,0,0,1,1,0,0,0,0.8396907150745392,0.5329007506370544,0.8352747360865275,0.5162513852119446,0.8293702900409698,0.3842821419239044,0,1,0.0,-0.14861860871315
1051,rotate_up,0,0,0,0,0,1,1,0,0,0,0.831686794757843,0.5284184217453003,0.8285733461380005,0.3853720426559448,0.8316369652748108,0.3904471546411514,0,1,0.0,-0.1379712671041488
1052,rotate_up,0,0,0,0,0,1,1,0,0,0,0.5741692185401917,0.5939158201217651,0.5770623683929443,0.4833202362060547,0.5807325839996338,0.4847778975963592,0,1,0.0,-0.1091379225254058
1053,rotate_up,0,0,0,0,0,1,1,0,0,0,0.5760300159454346,0.5938909351825714,0.5792953173319498,0.549729565779368,0.5824183821678162,0.4887660294771194,0,1,0.0,-0.1051249057054519
1054,rotate_up,0,0,0,0,0,1,1,0,0,0,0.5759322941303253,0.5923247635364532,0.5770431558291117,0.5749970078468323,0.5818982720375061,0.4879422783851623,0,1,0.0,-0.1043824851512909
1055,rotate_up,0,0,0,0,0,1,1,0,0,0,0.5764935910701752,0.5884847044944763,0.57516082127889,0.5674106876055399,0.576227605342865,0.4837793856859207,0,1,0.0,-0.1047053188085556
1056,rotate_up,1,0,0,0,0,1,1,0,0,0,0.5766328871250153,0.5995934903621674,0.576860785484314,0.5304568409919739,0.5772024095058441,0.4882764667272568,0,1,0.0,-0.1113170236349105
1057,rotate_up,0,0,0,0,0,1,1,0,0,0,0.2864351570606231,0.5700887143611908,0.2973603904247284,0.5027138590812683,0.303408995270729,0.4221045076847076,0,1,0.0,-0.1479842066764831
1058,rotate_up,1,0,0,0,0,1,1,0,0,0,0.2934170663356781,0.5665205419063568,0.2974858780701955,0.4871604939301808,0.3019285202026367,0.4361873567104339,0,1,0.0,-0.1303331851959228
1059,rotate_up,1,0,0,0,0,1,1,0,0,0,0.2904469966888428,0.5595943629741669,0.2981474498907725,0.4543847541014353,0.3001971840858459,0.4558271467685699,0,1,0.0,-0.1037672162055969
1060,rotate_up,0,0,0,0,0,1,1,0,0,0,0.2857097834348678,0.5588126480579376,0.2948715289433797,0.5158725579579672,0.2989065945148468,0.4492534548044204,0,1,0.0,-0.1095591932535171
1061,rotate_up,1,0,0,0,0,1,1,0,0,0,0.2908034324645996,0.5575326085090637,0.2909205853939056,0.5373843312263489,0.3026570230722427,0.4351276904344558,0,1,0.0,-0.1224049180746078
1062,rotate_up,0,0,0,0,0,1,1,0,0,0,0.2908539921045303,0.5687668025493622,0.2897375226020813,0.5697170297304789,0.3081711232662201,0.4407254159450531,0,1,0.0,-0.128041386604309
1063,rotate_up,1,0,0,0,0,1,1,0,0,0,0.6444876790046692,0.5012189149856567,0.6509110728899637,0.3336345056692759,0.6503799855709076,0.3410232663154602,0,1,0.0,-0.1601956486701965
1064,rotate_up,1,0,0,0,0,1,1,0,0,0,0.6395264863967896,0.5184272527694702,0.645628829797109,0.3481390972932179,0.6447104811668396,0.3570902347564697,0,1,0.0,-0.1613370180130005
1065,rotate_up,1,0,0,0,0,1,1,0,0,0,0.6416091620922089,0.5399634540081024,0.6395179430643717,0.5414076050122579,0.6455976366996765,0.4754472374916076,0,1,0.0,-0.0645162165164947
1066,rotate_up,1,0,0,0,0,1,1,0,0,0,0.6187101602554321,0.4029060453176498,0.61881156762441,0.4054235517978668,0.617599368095398,0.4042633771896362,0,1,0.0,0.0013573318719863
1067,rotate_up,0,0,0,0,0,1,1,0,0,0,0.621127724647522,0.5415049195289612,0.6230738560358683,0.416948785384496,0.6236879229545593,0.4063233882188797,0,1,0.0,-0.1351815313100814
1068,rotate_up,0,0,0,0,0,1,1,0,0,0,0.6003596484661102,0.5456427037715912,0.6017250418663025,0.4653905530770619,0.6116472482681274,0.2895665317773819,0,1,0.0,-0.2560761719942093
1069,rotate_up,1,0,0,0,0,1,1,0,0,0,0.5990447103977203,0.5961321890354156,0.5949077208836874,0.4698003927866618,0.6056644022464752,0.3186463564634323,0,1,0.0,-0.2774858325719833
1070,rotate_up,0,0,0,0,0,1,1,0,0,0,0.5908777415752411,0.5946969985961914,0.6020690600077311,0.4566214680671692,0.6043298244476318,0.3262749910354614,0,1,0.0,-0.26842200756073
1071,rotate_up,0,0,0,0,0,1,1,0,0,0,0.599079817533493,0.6132000088691711,0.5946734150250753,0.5131088197231293,0.6113273203372955,0.3265240490436554,0,1,0.0,-0.2866759598255157
1072,rotate_up,0,0,0,0,0,1,1,0,0,0,0.5939779579639435,0.579855740070343,0.59113609790802,0.4413400590419769,0.5853483974933624,0.3134520351886749,0,1,0.0,-0.2664037048816681
1073,rotate_up,0,0,0,0,0,1,1,0,0,0,0.5381511151790619,0.6057423651218414,0.5425877571105957,0.5572603742281595,0.5375322699546814,0.4926956295967102,0,1,0.0,-0.1130467355251312
1074,rotate_up,1,0,0,0,0,1,1,0,0,0,0.5280523598194122,0.6218289434909821,0.5322229464848837,0.5182206432024637,0.5354313552379608,0.4872563183307647,0,1,0.0,-0.1345726251602172
1075,rotate_up,1,0,0,0,0,1,1,0,0,0,0.5303195118904114,0.6323517858982086,0.5454037189483643,0.5537490049997965,0.5445638000965118,0.4951148927211761,0,1,0.0,-0.1372368931770324
1076,rotate_up,0,0,0,0,0,1,1,0,0,1,0.527397871017456,0.6337245404720306,0.5274123152097067,0.5742720365524292,0.5278118550777435,0.481973722577095,0,1,0.0,-0.1517508178949356
1077,rotate_up,0,0,0,0,0,1,1,0,0,0,0.5266701877117157,0.6347516775131226,0.5254481037457784,0.5582437713940939,0.5216477513313293,0.4844323396682739,0,1,0.0,-0.1503193378448486
1078,rotate_up,1,0,0,0,0,1,1,0,0,0,0.2871014922857284,0.5826930105686188,0.2821448644002278,0.5833680431048075,0.3127155750989914,0.4387201219797134,0,1,0.0,-0.1439728885889053
1079,rotate_up,1,0,0,0,0,1,1,0,0,0,0.2779653519392013,0.6052636802196503,0.2956130802631378,0.508590579032898,0.302485242486,0.4347844868898392,0,1,0.0,-0.1704791933298111
1080,rotate_up,1,0,0,0,0,1,1,0,0,0,0.2750851362943649,0.609110563993454,0.2948314150174458,0.5402467648188273,0.3095026314258575,0.4508381336927414,0,1,0.0,-0.1582724303007125
1081,rotate_up,1,0,0,0,0,1,1,0,0,0,0.2712690830230713,0.6102010607719421,0.29621289173762,0.5419194499651591,0.3076753616333008,0.4590946286916733,0,1,0.0,-0.1511064320802688
1082,rotate_up,1,0,0,0,0,1,1,0,0,0,0.269478291273117,0.6161782443523407,0.2860960861047109,0.5569654107093811,0.3042925745248794,0.4577148407697677,0,1,0.0,-0.1584634035825729
1083,rotate_up,1,0,0,0,0,1,1,0,0,0,0.8326888084411621,0.5420261323451996,0.830941637357076,0.4528831938902537,0.8234485387802124,0.3843216001987457,0,1,0.0,-0.1577045321464538
1084,rotate_up,0,0,0,0,0,1,1,0,0,0,0.819312185049057,0.579250156879425,0.8165827989578247,0.4732072254021962,0.8116238117218018,0.3911608904600143,0,1,0.0,-0.1880892664194107
1085,rotate_up,0,0,0,0,0,1,1,0,0,0,0.8245647549629211,0.5731991231441498,0.8227411905924479,0.4766344825426737,0.8175675272941589,0.382003977894783,0,1,0.0,-0.1911951452493667
1086,rotate_up,0,0,0,0,0,1,1,0,0,0,0.8247602880001068,0.5656546950340271,0.8280103802680969,0.475041796763738,0.8250699043273926,0.3770122230052948,0,1,0.0,-0.1886424720287323
1087,rotate_up,0,0,0,0,0,1,1,0,0,0,0.8304161727428436,0.5810573101043701,0.8414634466171265,0.4671637912591298,0.8392248749732971,0.3777809590101242,0,1,0.0,-0.2032763510942459
1088,rotate_up,0,0,0,0,0,1,1,0,0,0,0.6041551828384399,0.5441039204597473,0.6067426800727844,0.4180184205373128,0.6080685555934906,0.2959969341754913,0,1,0.0,-0.2481069862842559
1089,rotate_up,0,0,0,0,0,1,1,0,0,0,0.6124565303325653,0.5681882500648499,0.6127301653226217,0.5146132310231527,0.6150007545948029,0.3296668380498886,0,1,0.0,-0.2385214120149612
1090,rotate_up,1,0,0,0,0,1,1,0,0,0,0.6035178005695343,0.5687975287437439,0.6015764077504476,0.5721005797386169,0.602173238992691,0.570504754781723,0,1,0.0,0.0017072260379791
1091,rotate_up,0,0,0,0,0,1,1,0,0,1,0.6141580641269684,0.4457926750183105,0.6198256611824036,0.3544175525506337,0.6153640747070312,0.3485127091407776,0,1,0.0,-0.0972799658775329
1092,rotate_up,0,0,0,0,0,1,1,1,0,0,0.6166682839393616,0.5221854150295258,0.6174851655960083,0.5212673346201578,0.6183110773563385,0.5210332274436951,1,0,0.0016427934169769,0.0
1093,rotate_up,1,0,0,0,0,1,1,0,0,0,0.6172505617141724,0.4734089225530624,0.5985943873723348,0.5486803452173868,0.6048092544078827,0.3383580595254898,0,1,0.0,-0.1350508630275726
1094,rotate_up,1,0,0,0,0,1,1,0,0,0,0.6105407476425171,0.5522026121616364,0.6111262241999308,0.482463260491689,0.6152952611446381,0.3271189481019974,0,1,0.0,-0.2250836640596389
1095,rotate_up,1,0,0,0,0,1,1,0,0,0,0.5998961925506592,0.5599481761455536,0.6082125504811605,0.441321184237798,0.6104933321475983,0.3366267681121826,0,1,0.0,-0.2233214080333709
1096,previous_slide,0,0,0,0,0,0,1,1,0,0,0.1318913449843724,0.8020469943682352,0.2889442145824432,0.802725076675415,0.4310895403226216,0.8703239560127258,1,0,-0.27550515365100803,0.13669946780777836
1097,previous_slide,0,0,0,0,0,0,1,0,0,1,0.1318913449843724,0.8020469943682352,0.2889442145824432,0.802725076675415,0.4310895403226216,0.8703239560127258,0,1,-0.22023755456287963,0.10664869810213604
1098,previous_slide,0,0,0,0,0,0,1,0,0,0,0.1318913449843724,0.8020469943682352,0.2889442145824432,0.802725076675415,0.4310895403226216,0.8703239560127258,0,1,-0.32267191463499684,0.09540496382378882
1099,previous_slide,0,0,0,0,0,0,0,0,0,1,0.1318913449843724,0.8020469943682352,0.2889442145824432,0.802725076675415,0.4310895403226216,0.8703239560127258,1,0,-0.38544408696390087,0.040162585182441965
1100,previous_slide,0,0,0,0,0,0,1,1,1,0,0.1318913449843724,0.8020469943682352,0.2889442145824432,0.802725076675415,0.4310895403226216,0.8703239560127258,1,0,-0.29207496521891646,0.06654435243311063
1101,previous_slide,0,0,0,0,0,0,1,0,0,0,0.1318913449843724,0.8020469943682352,0.2889442145824432,0.802725076675415,0.4310895403226216,0.8703239560127258,0,1,-0.32545433789474965,0.16391552521245095
1102,previous_slide,0,0,0,0,0,0,1,0,0,0,0.1318913449843724,0.8020469943682352,0.2889442145824432,0.802725076675415,0.4310895403226216,0.8703239560127258,0,1,-0.40053417612475384,0.12424814222258247
1103,previous_slide,0,0,0,0,0,0,1,0,0,0,0.1318913449843724,0.8020469943682352,0.2889442145824432,0.802725076675415,0.4310895403226216,0.8703239560127258,1,0,-0.32588063553037355,0.06800056852848428
1104,previous_slide,0,0,0,0,0,0,0,0,1,0,0.1318913449843724,0.8020469943682352,0.2889442145824432,0.802725076675415,0.4310895403226216,0.8703239560127258,1,0,-0.36809516052937336,0.05062112904413718
1105,previous_slide,0,0,0,0,0,0,0,0,1,0,0.1318913449843724,0.8020469943682352,0.2889442145824432,0.802725076675415,0.4310895403226216,0.8703239560127258,0,1,-0.2622748663384787,0.07684537570398912
1106,previous_slide,0,0,0,0,0,0,1,0,0,1,0.1318913449843724,0.8020469943682352,0.2889442145824432,0.802725076675415,0.4310895403226216,0.8703239560127258,1,0,-0.3731242948566206,0.032284751224755166
1107,previous_slide,0,0,0,0,0,0,1,0,0,0,0.1318913449843724,0.8020469943682352,0.2889442145824432,0.802725076675415,0.4310895403226216,0.8703239560127258,0,1,-0.34684958479907435,0.0158834315153999
1108,previous_slide,0,0,0,0,0,1,1,0,0,0,0.1318913449843724,0.8020469943682352,0.2889442145824432,0.802725076675415,0.4310895403226216,0.8703239560127258,1,0,-0.27009205560259725,0.11266438462415845
1109,previous_slide,0,0,0,0,0,0,1,0,0,0,0.1318913449843724,0.8020469943682352,0.2889442145824432,0.802725076675415,0.4310895403226216,0.8703239560127258,0,1,-0.30955648984347794,0.03710309189524259
1110,previous_slide,0,0,0,0,0,0,1,0,0,0,0.1318913449843724,0.8020469943682352,0.2889442145824432,0.802725076675415,0.4310895403226216,0.8703239560127258,0,1,-0.37460585981562333,0.12325931043373162
1111,previous_slide,0,0,0,0,0,0,1,1,0,1,0.1318913449843724,0.8020469943682352,0.2889442145824432,0.802725076675415,0.4310895403226216,0.8703239560127258,1,0,-0.37790595968545193,0.10017460880573509
1112,previous_slide,0,0,0,0,0,0,1,1,0,0,0.1318913449843724,0.8020469943682352,0.2889442145824432,0.802725076675415,0.4310895403226216,0.8703239560127258,1,0,-0.2811284150628285,0.14517878996778905
1113,previous_slide,0,0,0,0,0,0,0,0,0,0,0.1318913449843724,0.8020469943682352,0.2889442145824432,0.802725076675415,0.4310895403226216,0.8703239560127258,1,0,-0.29484584192634067,0.053326594121197224
1114,previous_slide,0,0,0,0,0,0,1,0,0,0,0.1318913449843724,0.8020469943682352,0.2889442145824432,0.802725076675415,0.4310895403226216,0.8703239560127258,1,0,-0.3101817897301248,0.08613259022007792
1115,previous_slide,0,0,0,0,0,0,1,0,0,0,0.1318913449843724,0.8020469943682352,0.2889442145824432,0.802725076675415,0.4310895403226216,0.8703239560127258,1,0,-0.3396228754829086,0.04318910946526377
1116,previous_slide,0,0,0,0,0,0,1,0,0,0,0.1318913449843724,0.8020469943682352,0.2889442145824432,0.802725076675415,0.4310895403226216,0.8703239560127258,1,0,-0.2534280894531455,0.08471451712747483
1117,previous_slide,0,0,0,0,0,0,0,1,0,0,0.1318913449843724,0.8020469943682352,0.2889442145824432,0.802725076675415,0.4310895403226216,0.8703239560127258,1,0,-0.31557945450214936,0.02519705893207415
1118,previous_slide,0,0,0,0,0,1,1,0,0,0,0.1318913449843724,0.8020469943682352,0.2889442145824432,0.802725076675415,0.4310895403226216,0.8703239560127258,0,1,-0.2843921814850204,0.08132972525348506
1119,previous_slide,0,0,0,0,0,0,1,0,0,0,0.1318913449843724,0.8020469943682352,0.2889442145824432,0.802725076675415,0.4310895403226216,0.8703239560127258,0,1,-0.36996673244076994,0.04724469550622264
1120,previous_slide,0,0,0,0,0,0,1,1,0,0,0.1318913449843724,0.8020469943682352,0.2889442145824432,0.802725076675415,0.4310895403226216,0.8703239560127258,1,0,-0.28845125383351145,-0.03283878501529616
1121,previous_slide,0,0,0,0,0,0,0,0,0,0,0.1318913449843724,0.8020469943682352,0.2889442145824432,0.802725076675415,0.4310895403226216,0.8703239560127258,1,0,-0.3951367561032013,0.06695126787202975
1122,previous_slide,0,0,0,0,0,0,0,0,0,0,0.1318913449843724,0.8020469943682352,0.2889442145824432,0.802725076675415,0.4310895403226216,0.8703239560127258,1,0,-0.33215731046007313,0.06847382686606074
1123,previous_slide,0,0,0,0,0,0,1,0,0,0,0.1318913449843724,0.8020469943682352,0.2889442145824432,0.802725076675415,0.4310895403226216,0.8703239560127258,1,0,-0.3279336557189192,0.04720205062749642
1124,previous_slide,0,0,0,0,0,0,1,0,0,0,0.1318913449843724,0.8020469943682352,0.2889442145824432,0.802725076675415,0.4310895403226216,0.8703239560127258,1,0,-0.260833353402929,0.010787332769772673
1125,previous_slide,0,0,0,0,0,0,1,0,0,1,0.1318913449843724,0.8020469943682352,0.2889442145824432,0.802725076675415,0.4310895403226216,0.8703239560127258,1,0,-0.22893793004433982,0.13789324931908575
1126,previous_slide,0,0,0,0,0,0,1,0,0,0,0.1239670543833269,0.797516612531413,0.2897414255031443,0.7986972714424855,0.4186842328740925,0.870872459811174,1,0,-0.30769662504805806,0.07206570108957205
1127,previous_slide,0,0,0,0,0,0,1,0,0,0,0.12453595111050199,0.8144464696083755,0.2826781882437533,0.8001485845457696,0.43759767806157895,0.8604770414812541,1,0,-0.29737851586141617,0.07873410367875003
1128,previous_slide,0,0,0,0,0,0,1,0,0,0,0.11903147910788259,0.8035240652364937,0.2910232769364306,0.8089796596496335,0.42119393463559696,0.8597603031080516,1,0,-0.295022662813314,0.07065283903035609
1129,previous_slide,0,0,0,0,0,0,1,0,0,0,0.1338952877871394,0.804818580044211,0.28350401680981524,0.804583106252703,0.43343412010901106,0.8646091446685149,1,0,-0.28427199924909113,0.0720676250117849
1130,previous_slide,0,0,0,0,0,0,1,0,0,0,0.12236091700675122,0.8072994232373059,0.2811467612206246,0.8090217535053547,0.4403583049546808,0.8637584974659122,1,0,-0.29149118630429466,0.07157920905998258
1131,previous_slide,0,0,0,0,0,0,1,0,0,0,0.13846782626432833,0.8172213382294669,0.2869811096544202,0.7966951873605551,0.4239734248856174,0.8637974737330023,1,0,-0.29981500901356206,0.07100617744302375
1132,previous_slide,0,0,0,0,0,0,1,0,0,0,0.13410487137901256,0.8086644603605234,0.28904822971746646,0.8143533492926736,0.42897228565671797,0.8920853093454428,1,0,-0.29419285655612915,0.061419701193160335
1133,previous_slide,0,0,0,0,0,0,1,0,0,0,0.12332420499988352,0.8059067736901807,0.28715651229983635,0.8084370806281518,0.43487544131920997,0.8697413247114708,1,0,-0.3059725450827964,0.056158183847003676
1134,previous_slide,0,0,0,0,0,0,1,0,0,0,0.12831922536783624,0.808898184722823,0.29065696453548484,0.7927591664457191,0.43247498772943105,0.8734064950505566,1,0,-0.30626905482785827,0.06950676249205481
1135,previous_slide,0,0,0,0,0,0,1,0,0,0,0.13235701473194042,0.7929032319855902,0.29180651346522946,0.8072113528863609,0.43975395026802383,0.878754372429005,1,0,-0.31021955028190595,0.06077436132516961
1136,previous_slide,0,0,0,0,0,0,1,0,0,0,0.13601162712204168,0.8061572819755329,0.2930645960728916,0.8335469286006528,0.4356566644081669,0.8794084811341706,1,0,-0.2915661812303036,0.07348809165493699
1137,previous_slide,0,0,0,0,0,0,1,0,0,0,0.12936919102724964,0.8081187481321813,0.2827616128661426,0.800830527821495,0.42720663193998876,0.8709789491278164,1,0,-0.2806809268048611,0.05333884010375661
1138,previous_slide,0,0,0,0,0,0,1,0,0,0,0.1373814265073685,0.789145267398718,0.2851687596561277,0.811436681451154,0.4316037804753853,0.8617019977892914,1,0,-0.30492062501232897,0.073713743635968
1139,previous_slide,0,0,0,0,0,0,1,0,0,0,0.12604841193063532,0.803778663084891,0.2893087893016737,0.7975122738945685,0.4482410930372242,0.8753953081912699,1,0,-0.31539933603151005,0.06976859616264602
1140,previous_slide,0,0,0,0,0,0,1,0,0,0,0.1265970532662253,0.808866461046605,0.28260404867498157,0.8018071851436799,0.43512943855446523,0.8772499975660868,1,0,-0.3088005665946954,0.06560095175776301
1141,previous_slide,0,0,0,0,0,0,1,0,0,0,0.12809178249508477,0.7968203605076455,0.303067848504692,0.8059649303631027,0.4210024686879412,0.877666851589164,1,0,-0.2822209457621481,0.07653668372889977
1142,previous_slide,0,0,0,0,0,0,1,0,0,0,0.1197363852567403,0.7981731217853052,0.2990795037759362,0.7970637209504647,0.43464009574779144,0.8765210284401606,1,0,-0.30661363911087386,0.0678007587959962
1143,previous_slide,0,0,0,0,0,0,1,0,0,0,0.10596120626381983,0.7938518932375609,0.2869236693712979,0.7927428112196963,0.4441488307540747,0.8588828249890408,1,0,-0.30271855123182506,0.06932288626277933
1144,previous_slide,0,0,0,0,0,0,1,0,0,0,0.14342153129690133,0.7905600971587997,0.29824952459968285,0.8028069411635718,0.423237471114238,0.874020783806832,1,0,-0.29760571777366146,0.06347522662722024
1145,previous_slide,0,0,0,0,0,0,1,0,0,0,0.13244976166429256,0.7989644855933411,0.28985235334445314,0.8080221220715834,0.44377767485178443,0.8604214320221111,1,0,-0.2821339283409991,0.05266025924831058
1146,previous_slide,0,0,0,0,0,0,1,0,0,0,0.13067706422408776,0.8067535320201118,0.29119214952432343,0.7977434805168503,0.4294245623197634,0.8663799485354552,1,0,-0.3039131133938029,0.0750737784206588
1147,previous_slide,0,0,0,0,0,0,1,0,0,0,0.1347474688720928,0.79650371760615,0.29614101358590916,0.8051834728424279,0.43759243727333325,0.8753609867481147,1,0,-0.3058301554256258,0.06379551332291485
1148,previous_slide,0,0,0,0,0,0,1,0,0,0,0.13786969382535852,0.806929956491703,0.28877700183073,0.8036636957418853,0.441310859488929,0.8655913849020392,1,0,-0.2948214162888889,0.06665942042501945
1149,previous_slide,0,0,0,0,0,0,1,0,0,0,0.13014989535855465,0.8108372091841327,0.2955475453743474,0.8092331537634202,0.4415333707798562,0.8704919867457879,1,0,-0.2937425715678895,0.06579482759174295
1150,previous_slide,0,0,0,0,0,0,1,0,0,0,0.13448467580427995,0.8010058499332937,0.28972018230238494,0.8074863328789104,0.4245437748567538,0.8870630542182095,1,0,-0.30724633439024684,0.05856345274218874
1151,previous_slide,0,0,0,0,0,0,1,0,0,0,0.14115623197237295,0.8083802959199388,0.2939371731188604,0.8077518407495293,0.4309915661398463,0.8631459210408392,1,0,-0.2985917588726994,0.0628596679523937
1152,previous_slide,0,0,0,0,0,0,1,0,0,0,0.1396923028517144,0.8008705353162181,0.28234023700810307,0.8001539899421911,0.43439299195682657,0.8658141595902941,1,0,-0.30577595850278066,0.07022645933642589
1153,previous_slide,0,0,0,0,0,0,1,0,0,0,0.1338510775532422,0.7979914489652662,0.2851759081374966,0.8045814761742761,0.419504865590643,0.8590642458177133,1,0,-0.3049457491082687,0.06656938443079582
1154,previous_slide,0,0,0,0,0,0,1,0,0,0,0.13437860550915645,0.8138498441038317,0.29580549156805935,0.8014455684357076,0.43093741065940006,0.8623037210956234,1,0,-0.2993463004261883,0.0659676925331295
1155,previous_slide,0,0,0,0,0,0,1,0,0,0,0.13447309346707711,0.7954291468198167,0.2930989866963726,0.8149869879794357,0.43021945913496673,0.8735376497895173,1,0,-0.2936770434045603,0.0650671978694039
1156,previous_slide,0,0,0,0,0,0,1,0,0,0,0.13368408483885574,0.8021477335744895,0.28972562337083385,0.7965409984045713,0.43128562171669316,0.8743079423426894,1,0,-0.2875890464758889,0.07595112825317225
1157,previous_slide,0,0,0,0,0,0,1,0,0,0,0.14911680464446486,0.7959082138651309,0.2959227796762086,0.8041918127213219,0.448607963788363,0.8638575697298846,1,0,-0.30591597007569543,0.06348182048093842
1158,previous_slide,0,0,0,0,0,0,1,0,0,0,0.11490017918989395,0.7978409541947892,0.2828711532900136,0.8039282269672247,0.43382358812883887,0.8853333227264529,1,0,-0.29159480463276083,0.06366173239919137
1159,previous_slide,0,0,0,0,0,0,1,0,0,0,0.12470402761358555,0.8059823477402873,0.27838234892627806,0.8173767468022499,0.44052506128839186,0.8665705507958882,1,0,-0.31290327157097625,0.0791079406378139
1160,previous_slide,0,0,0,0,0,0,1,0,0,0,0.13097502622235146,0.8119495248640229,0.27618879331208823,0.7979300764917848,0.43113148992036704,0.8706998007628438,1,0,-0.30279871911008316,0.0732597611032706
1161,previous_slide,0,0,0,0,0,0,1,0,0,0,0.12335038154931166,0.8009079584880648,0.28990657963613836,0.806840587347885,0.43678245934733273,0.8613268192780229,1,0,-0.3114711087041342,0.07849837621967867
1162,previous_slide,0,0,0,0,0,0,1,0,0,0,0.13454985708020914,0.7960591020757828,0.3013534303866234,0.803650473749758,0.4405239177951322,0.8708641038640067,1,0,-0.2827122119391933,0.08231968838403624
1163,previous_slide,0,0,0,0,0,0,1,0,0,0,0.12989963179653982,0.8098195619758701,0.2941072221791244,0.8136741291356738,0.4233701526379808,0.8758123676927133,1,0,-0.2907307994434525,0.054207045753105684
1164,previous_slide,0,0,0,0,0,0,1,0,0,0,0.1224252768830462,0.7857331369461544,0.28678895990688674,0.8084654147217827,0.44310839673938984,0.8709167142560841,1,0,-0.2861692709736789,0.05723614997877147
1165,previous_slide,0,0,0,0,0,0,1,0,0,0,0.11826428546953117,0.8016026127770622,0.2920167381739576,0.8024635186906623,0.4145500035223026,0.8696109956966235,1,0,-0.30963395134228805,0.0736343420351309
1166,previous_slide,0,0,0,0,0,0,1,0,0,0,0.1348241309531472,0.7945279560776164,0.2848332792437496,0.7942513685003034,0.4305881075444362,0.8779650945767358,1,0,-0.3070840037089336,0.07230933376863335
1167,previous_slide,0,0,0,0,0,0,1,0,0,0,0.1276492840373929,0.7957040117101365,0.2880879717028067,0.79444313809606,0.42666034587984414,0.860740932872015,1,0,-0.2834803942749181,0.06855907006026443
1168,previous_slide,0,0,0,0,0,0,1,0,0,0,0.1262935409204317,0.803758833654109,0.28804559018491654,0.8009573198791493,0.436002873922969,0.8763840176931043,1,0,-0.30344220451913345,0.06367041571933316
1169,previous_slide,0,0,0,0,0,0,1,0,0,0,0.12969093140715926,0.7836316250503506,0.2768226860848548,0.8136600708149713,0.44424928203063185,0.8683316676962748,1,0,-0.2945857396338031,0.07076696288083889
1170,previous_slide,0,0,0,0,0,0,1,0,0,0,0.1565223914520143,0.8110035936597119,0.28792087385059706,0.7950807531506117,0.418237969760561,0.8719516650996636,1,0,-0.3052490013005236,0.056898931967709204
1171,previous_slide,0,0,0,0,0,0,1,0,0,0,0.1267187619104322,0.7933946103393201,0.3024413476630237,0.8097781947310106,0.43102575919208863,0.882163509123846,1,0,-0.29857924887706827,0.06138668803386449
1172,previous_slide,0,0,0,0,0,0,1,0,0,0,0.14407633760252966,0.8063582747177125,0.28064624534783156,0.8012023672507462,0.4240845942955435,0.8592615581650112,1,0,-0.2917887749579961,0.08355229476825164
1173,previous_slide,0,0,0,0,0,0,1,0,0,0,0.12070280439381928,0.8065507482617598,0.2837390740294686,0.7988280736052975,0.42635038892871063,0.8634120298552873,1,0,-0.2988100223146906,0.0616293607132023
1174,previous_slide,0,0,0,0,0,0,1,0,0,0,0.13405499959061112,0.8016450894926421,0.2870326302075119,0.7954645673790822,0.4264753696780749,0.8763670858193319,1,0,-0.2951908578372542,0.06045651968610219
1175,previous_slide,0,0,0,0,0,0,1,0,0,0,0.1326860034278062,0.8080580913552096,0.2755889723334722,0.8070719582144545,0.42578855025105483,0.8748887453614711,1,0,-0.30530426859058934,0.053837904839174444
1176,previous_slide,0,0,0,0,0,0,1,0,0,0,0.11887100548130711,0.8024316739415263,0.29102199459621503,0.7954905436745797,0.43619827999284055,0.8570317955145742,1,0,-0.29972683372742775,0.05858883204639094
1177,previous_slide,0,0,0,0,0,0,1,0,0,0,0.12667665612195514,0.8024261837387665,0.28206090766017156,0.7996486323215765,0.4391398827963371,0.8657088210565407,1,0,-0.2925126584417281,0.05923930680722965
1178,previous_slide,0,0,0,0,0,0,1,0,0,0,0.13612977840769466,0.8135795433334985,0.26917105858142487,0.7963499146316513,0.4357061173400659,0.8686995929243819,1,0,-0.29622902835127873,0.06344508015076403
1179,previous_slide,0,0,0,0,0,0,1,0,0,0,0.13258406328415562,0.8008015764850986,0.29828647107572165,0.8047604434218247,0.4337903616192232,0.8670289402837461,1,0,-0.30309904513082914,0.06481649614193363
1180,previous_slide,0,0,0,0,0,0,1,0,0,0,0.13504696212339878,0.7986791185216732,0.2912624134376145,0.8193282830645785,0.43805853795007516,0.8677157677553831,1,0,-0.28958848396093767,0.06501235866031818
1181,previous_slide,0,0,0,0,0,0,1,0,0,0,0.11558634870294958,0.793982303880896,0.27397787921423633,0.7999129688030846,0.431236887356138,0.883735454510928,1,0,-0.2965827763481359,0.06652415741401968
1182,previous_slide,0,0,0,0,0,0,1,0,0,0,0.13852658963384032,0.7843579118961721,0.29082913104731173,0.8088919982265108,0.41926085035638283,0.8794739883583813,1,0,-0.2964902240782939,0.06495465833328419
1183,previous_slide,0,0,0,0,0,0,1,0,0,0,0.1369535999132227,0.8202125372306704,0.29039914462291117,0.8047108413658177,0.4274146531262996,0.8635252010570075,1,0,-0.29255550880589526,0.06142829103721966
1184,previous_slide,0,0,0,0,0,0,1,0,0,0,0.13246387488212755,0.7982257347941143,0.2927760531884143,0.8053943735177106,0.4393898598766848,0.8662438248218879,1,0,-0.3013571948205962,0.06044685191823214
1185,previous_slide,0,0,0,0,0,0,1,0,0,0,0.12833699890376352,0.805065398312594,0.295000123515606,0.795347754081994,0.4380463876834669,0.8811690588831654,1,0,-0.2958907161124596,0.08329132814495513
1186,previous_slide,0,0,0,0,0,0,1,0,0,0,0.12570103139154382,0.7920897567417439,0.27471445259120897,0.8146934311673285,0.43632446557345406,0.8698792786454422,1,0,-0.29695844632769064,0.059273049266103585
1187,previous_slide,0,0,0,0,0,0,1,0,0,0,0.151457360821307,0.803080763824037,0.28981937293928234,0.8085312096666045,0.4349376141765153,0.8721150282069589,1,0,-0.3055219909818117,0.07204870850157856
1188,previous_slide,0,0,0,0,0,0,1,0,0,0,0.14694754095617268,0.8128103547374751,0.30168970759555835,0.7986353512639656,0.42317270176055294,0.8693176606519286,1,0,-0.29875239603993964,0.07703049379225818
1189,previous_slide,0,0,0,0,0,0,1,0,0,0,0.11835162794665385,0.8142833969239202,0.28768015139381126,0.7993100281158356,0.42299270532054023,0.8570851026377997,1,0,-0.2926128306665539,0.06886350538199783
1190,previous_slide,0,0,0,0,0,0,1,0,0,0,0.12157165778644398,0.7916863641917263,0.28625793698812213,0.8160772488777301,0.4290128095117128,0.8582988123877809,1,0,-0.30116413985093676,0.06609517308650924
1191,previous_slide,0,0,0,0,0,0,1,0,0,0,0.11031625184083983,0.8016126354360927,0.28709673834077376,0.8082947275939224,0.4458811890821843,0.8793364762491079,1,0,-0.30134930486268785,0.059424754374557236
1192,previous_slide,0,0,0,0,0,0,1,0,0,0,0.1524782234103713,0.8025207418403512,0.28905564891774677,0.802532075978535,0.4326742184087644,0.8691690727173343,1,0,-0.3037874913932911,0.06390209011456746
1193,previous_slide,0,0,0,0,0,0,1,0,0,0,0.13162931882264442,0.7976995961991651,0.2832414483210259,0.8035765184969502,0.42904972258325474,0.8823558999213873,1,0,-0.32040595380539333,0.0770090164598703
1194,previous_slide,0,0,0,0,0,0,1,0,0,0,0.14186002652435345,0.7854598725089701,0.2862027138298004,0.7997535497474487,0.41982944676487904,0.8641014225119988,1,0,-0.30808280210197586,0.08229512519187958
1195,previous_slide,0,0,0,0,0,0,1,0,0,0,0.1393767721295521,0.8122194351281885,0.29471759109478907,0.7936926625056772,0.4268933781923834,0.8742389525025491,1,0,-0.30897521780938475,0.0739809490858697
1196,next_slide,0,0,0,0,0,0,1,1,1,0,0.4673537214597066,0.9745663404464722,0.3179317613442738,0.908444881439209,0.2398317803939183,0.951965351899465,0,1,0.14285863233029872,-0.06762763280636439
1197,next_slide,0,0,0,0,0,0,1,0,0,0,0.4673537214597066,0.9745663404464722,0.3179317613442738,0.908444881439209,0.2398317803939183,0.951965351899465,0,1,0.26196385341742745,0.0007381389662359239
1198,next_slide,0,0,0,0,0,0,1,0,0,0,0.4673537214597066,0.9745663404464722,0.3179317613442738,0.908444881439209,0.2398317803939183,0.951965351899465,1,0,0.2958904538018879,0.02531170276062135
1199,next_slide,0,0,0,0,0,0,1,0,0,0,0.4673537214597066,0.9745663404464722,0.3179317613442738,0.908444881439209,0.2398317803939183,0.951965351899465,1,0,0.277777049180771,-0.047972852842406315
1200,next_slide,0,0,0,0,0,0,1,0,0,0,0.4673537214597066,0.9745663404464722,0.3179317613442738,0.908444881439209,0.2398317803939183,0.951965351899465,1,0,0.28985667789226754,-0.13109487289905014
1201,next_slide,0,0,0,0,0,0,0,0,1,0,0.4673537214597066,0.9745663404464722,0.3179317613442738,0.908444881439209,0.2398317803939183,0.951965351899465,1,0,0.276113075574425,-0.024148901078835865
1202,next_slide,0,0,0,0,0,1,1,0,0,0,0.4673537214597066,0.9745663404464722,0.3179317613442738,0.908444881439209,0.2398317803939183,0.951965351899465,1,0,0.24291202951039118,-0.1081094081798385
1203,next_slide,0,0,0,0,0,0,1,1,1,0,0.4673537214597066,0.9745663404464722,0.3179317613442738,0.908444881439209,0.2398317803939183,0.951965351899465,1,0,0.28267320440467736,0.03497028017622942
1204,next_slide,0,0,0,0,0,0,1,0,0,0,0.4673537214597066,0.9745663404464722,0.3179317613442738,0.908444881439209,0.2398317803939183,0.951965351899465,0,1,0.2271101127126843,0.0453568928135207
1205,next_slide,0,0,0,0,0,0,0,0,1,0,0.4673537214597066,0.9745663404464722,0.3179317613442738,0.908444881439209,0.2398317803939183,0.951965351899465,1,0,0.240323427781482,0.026533560650268496
1206,next_slide,0,0,0,0,0,0,1,0,0,0,0.4673537214597066,0.9745663404464722,0.3179317613442738,0.908444881439209,0.2398317803939183,0.951965351899465,1,0,0.13547822949920596,-0.08657983688379228
1207,next_slide,0,0,0,0,0,1,1,1,0,0,0.4673537214597066,0.9745663404464722,0.3179317613442738,0.908444881439209,0.2398317803939183,0.951965351899465,1,0,0.23686027928964212,-0.06037013516467333
1208,next_slide,0,0,0,0,0,0,1,1,1,0,0.4673537214597066,0.9745663404464722,0.3179317613442738,0.908444881439209,0.2398317803939183,0.951965351899465,1,0,0.17872827841692157,0.03008110128338478
1209,next_slide,0,0,0,0,0,0,1,0,0,1,0.4673537214597066,0.9745663404464722,0.3179317613442738,0.908444881439209,0.2398317803939183,0.951965351899465,1,0,0.1397825990370265,-0.028795687484035156
1210,next_slide,0,0,0,0,0,1,1,1,0,0,0.4673537214597066,0.9745663404464722,0.3179317613442738,0.908444881439209,0.2398317803939183,0.951965351899465,1,0,0.355526167979228,-0.027403983533239692
1211,next_slide,0,0,0,0,0,0,1,0,0,0,0.4673537214597066,0.9745663404464722,0.3179317613442738,0.908444881439209,0.2398317803939183,0.951965351899465,1,0,0.22577251654094013,0.06593904323476829
1212,next_slide,0,0,0,0,0,0,1,1,0,0,0.4673537214597066,0.9745663404464722,0.3179317613442738,0.908444881439209,0.2398317803939183,0.951965351899465,1,0,0.25250882207139375,0.004028766921520353
1213,next_slide,0,0,0,0,0,0,1,1,1,0,0.4673537214597066,0.9745663404464722,0.3179317613442738,0.908444881439209,0.2398317803939183,0.951965351899465,1,0,0.2768080769069664,-0.0523242159539183
1214,next_slide,0,0,0,0,0,0,1,0,0,0,0.4673537214597066,0.9745663404464722,0.3179317613442738,0.908444881439209,0.2398317803939183,0.951965351899465,0,1,0.23839733635046625,0.07469257569437701
1215,next_slide,0,0,0,0,0,0,1,0,0,0,0.4673537214597066,0.9745663404464722,0.3179317613442738,0.908444881439209,0.2398317803939183,0.951965351899465,1,0,0.2621029751133316,0.04170643420831493
1216,next_slide,0,0,0,0,0,0,1,0,0,0,0.4673537214597066,0.9745663404464722,0.3179317613442738,0.908444881439209,0.2398317803939183,0.951965351899465,1,0,0.22950902586130958,-0.022033564598196238
1217,next_slide,0,0,0,0,0,0,1,0,0,0,0.4673537214597066,0.9745663404464722,0.3179317613442738,0.908444881439209,0.2398317803939183,0.951965351899465,1,0,0.21335617527415754,-0.01649829182185696
1218,next_slide,0,0,0,0,0,1,0,0,0,0,0.4673537214597066,0.9745663404464722,0.3179317613442738,0.908444881439209,0.2398317803939183,0.951965351899465,0,1,0.2684461777977152,-0.015908605834707205
1219,next_slide,0,0,0,0,0,0,1,0,0,0,0.4673537214597066,0.9745663404464722,0.3179317613442738,0.908444881439209,0.2398317803939183,0.951965351899465,1,0,0.2498539276416425,-0.03326460734529677
1220,next_slide,0,0,0,0,0,0,1,0,0,0,0.4673537214597066,0.9745663404464722,0.3179317613442738,0.908444881439209,0.2398317803939183,0.951965351899465,1,0,0.28397541294254536,-0.02662177723245683
1221,next_slide,0,0,0,0,0,1,1,1,0,0,0.4673537214597066,0.9745663404464722,0.3179317613442738,0.908444881439209,0.2398317803939183,0.951965351899465,1,0,0.18473320359515966,0.11449292846648862
1222,next_slide,0,0,0,0,0,0,1,0,0,0,0.4673537214597066,0.9745663404464722,0.3179317613442738,0.908444881439209,0.2398317803939183,0.951965351899465,1,0,0.12352106302344315,-0.08680803275150537
1223,next_slide,0,0,0,0,0,0,1,0,0,0,0.4673537214597066,0.9745663404464722,0.3179317613442738,0.908444881439209,0.2398317803939183,0.951965351899465,1,0,0.3296417622014919,0.0016577667144722572
1224,next_slide,0,0,0,0,0,0,1,0,0,0,0.4673537214597066,0.9745663404464722,0.3179317613442738,0.908444881439209,0.2398317803939183,0.951965351899465,1,0,0.27802879102706046,-0.032414048510821664
1225,next_slide,0,0,0,0,0,0,1,1,0,1,0.4673537214597066,0.9745663404464722,0.3179317613442738,0.908444881439209,0.2398317803939183,0.951965351899465,1,0,0.2631919205760605,-0.020250127890819945
1226,next_slide,0,0,0,0,0,0,1,0,0,0,0.46321541385890364,0.9858411199679568,0.3363229463332278,0.9055421729556917,0.23626776022271215,0.9635924277164065,1,0,0.24015851823163392,-0.026783868764233346
1227,next_slide,0,0,0,0,0,0,1,0,0,0,0.46399222692293973,0.9723120635755881,0.3071761572559996,0.9010956658673354,0.23179865425990176,0.9458229713786319,1,0,0.22724446196669396,-0.02072727068671503
1228,next_slide,0,0,0,0,0,0,1,0,0,0,0.4797577254022192,0.9665795081205618,0.32580634053208646,0.9067329706854049,0.23943607071669884,0.9573639078367978,1,0,0.2185401648932898,-0.019541710577534795
1229,next_slide,0,0,0,0,0,0,1,0,0,0,0.46868533912541105,0.9785059505585374,0.32024511049553633,0.9280872825584962,0.23472986051990777,0.9477173762594504,1,0,0.22253681685439008,-0.027044805500289235
1230,next_slide,0,0,0,0,0,0,1,0,0,0,0.4622546244412545,0.9840784726953326,0.32929579532819264,0.9038789110892131,0.2331729358090845,0.9557366763505561,1,0,0.22310415671154044,-0.017537534004963114
1231,next_slide,0,0,0,0,0,0,1,0,0,0,0.468977105626517,0.9624403875264943,0.3303118029549143,0.9228119028239732,0.23492947087004323,0.948863739419977,1,0,0.22980886419158744,-0.019925334227111
1232,next_slide,0,0,0,0,0,0,1,0,0,0,0.47262207564108927,0.990647976756603,0.3165161835243214,0.9020585034829014,0.2287972265698021,0.9461179115799296,1,0,0.22725692528279784,-0.008244525638864898
1233,next_slide,0,0,0,0,0,0,1,0,0,0,0.46321283106741723,0.9763566440595833,0.3178003781756918,0.9179520276267936,0.26004723980090727,0.9477184017161024,1,0,0.22360642552564244,-0.014247701530454623
1234,next_slide,0,0,0,0,0,0,1,0,0,0,0.4728088533767171,0.9893399990523605,0.32260318682688155,0.9055705447129125,0.24455701903945679,0.9608349805441282,1,0,0.23408579851536712,-0.01854279629814882
1235,next_slide,0,0,0,0,0,0,1,0,0,0,0.47588711897641983,0.9839207051700376,0.328989033272574,0.9136345605399261,0.23849483575138347,0.9531390613909315,1,0,0.23717401279785508,-0.02913647391490509
1236,next_slide,0,0,0,0,0,0,1,0,0,0,0.4703031079306898,0.9714196299478532,0.31816171992775233,0.9186724963400674,0.24136057293807753,0.9523368442847141,1,0,0.21664309193794887,-0.016630960018789432
1237,next_slide,0,0,0,0,0,0,1,0,0,0,0.4725175949088352,0.9918723782329159,0.3154695354646498,0.9101980840605205,0.24182684986360437,0.9645849781375727,1,0,0.2267595768066926,-0.020368816340844486
1238,next_slide,0,0,0,0,0,0,1,0,0,0,0.4722168935374389,0.9760592134317231,0.31436029242786956,0.9099976013823955,0.2484208343927965,0.9437532295041765,1,0,0.22858569845896323,-0.028201955066520585
1239,next_slide,0,0,0,0,0,0,1,0,0,0,0.47691409449110533,0.962380845208202,0.3134603865661011,0.9114625764397252,0.252355972627793,0.9514393498108811,1,0,0.22308034485224262,-0.007551731991482477
1240,next_slide,0,0,0,0,0,0,1,0,0,0,0.45576961025637663,0.9569758927935115,0.32145187694470045,0.9044284476443881,0.2316619178568726,0.9576322034778598,1,0,0.2294723467759578,-0.027113617592901026
1241,next_slide,0,0,0,0,0,0,1,0,0,0,0.4571112862703395,0.9815459990727133,0.3231333707679431,0.9076514745289739,0.2546048763622996,0.9434046737688557,1,0,0.2153177396983903,-0.028136253106057156
1242,next_slide,0,0,0,0,0,0,1,0,0,0,0.4669890333288626,0.9765130560410537,0.3160018728814232,0.9112613246113234,0.22981946500039477,0.9635154687320511,1,0,0.22686473163864768,-0.013662621894302177
1243,next_slide,0,0,0,0,0,0,1,0,0,0,0.47009552423072826,0.9782203661997024,0.32248989958613145,0.9120265499193475,0.24497356247285865,0.9625985721405245,1,0,0.22909411042339997,-0.0169289584862991
1244,next_slide,0,0,0,0,0,0,1,0,0,0,0.4666358359054088,0.9860872781700679,0.31252062292779964,0.9228524049024955,0.23951051678876356,0.9405191510825206,1,0,0.22854677638507453,-0.028049401806806245
1245,next_slide,0,0,0,0,0,0,1,0,0,0,0.4740788698516164,0.969345348612053,0.3143622938785556,0.8933285555916447,0.23621332983992568,0.9325743172864334,1,0,0.21485071847790244,-0.01651767129785282
1246,next_slide,0,0,0,0,0,0,1,0,0,0,0.47364012272891326,0.9779700009407519,0.3101959521992401,0.9080631905900731,0.23980296008119376,0.9426984343859246,1,0,0.2395491274799254,-0.015582090222401828
1247,next_slide,0,0,0,0,0,0,1,0,0,0,0.4655860080690693,0.9747814271584284,0.3195988238078542,0.8921110024918146,0.23785436133375354,0.9465094779154826,1,0,0.21950898098662888,-0.024849790890094838
1248,next_slide,0,0,0,0,0,0,1,0,0,0,0.4817352136745028,0.9796930833366082,0.31336232942601144,0.9130255436900583,0.25102662388660635,0.9593624213627671,1,0,0.22799898402514962,-0.02777648276865179
1249,next_slide,0,0,0,0,0,0,1,0,0,0,0.47293950796861534,0.9777142235298462,0.3250933071044957,0.9135262558526648,0.24822820211647298,0.9476834702069804,1,0,0.23806109359086283,-0.021020191709468002
1250,next_slide,0,0,0,0,0,0,1,0,0,0,0.48395580844070873,0.9690528379017557,0.3318194717695958,0.9100281677069102,0.2346204363650027,0.9480942652270304,1,0,0.22495916260023366,-0.01920766097579187
1251,next_slide,0,0,0,0,0,0,1,0,0,0,0.4715364053639906,0.9699767404149635,0.31773692460618597,0.9255830443081039,0.253652125754724,0.9554559412568572,1,0,0.22782596889113382,-0.021640737933261107
1252,next_slide,0,0,0,0,0,0,1,0,0,0,0.47226186524154995,0.9663839999248849,0.31587274904488705,0.8950962088481883,0.24302556537476055,0.9571429194170868,1,0,0.22365644936739323,-0.010009094440686936
1253,next_slide,0,0,0,0,0,0,1,0,0,0,0.45754759615568785,0.9628513414047936,0.3197273758927536,0.9168216678601062,0.25330320192558126,0.9482942777965134,1,0,0.23615138773323857,-0.022909056303012855
1254,next_slide,0,0,0,0,0,0,1,0,0,0,0.46597270306018007,0.9816356199463655,0.3231503443715812,0.895833744183335,0.2516441031917255,0.9630060827326445,1,0,0.22251743945371197,-0.019434560279507927
1255,next_slide,0,0,0,0,0,0,1,0,0,0,0.4713059629499685,0.9766517305730634,0.3135293201135104,0.9030718944957046,0.23962734782598674,0.9613471840535399,1,0,0.23187074230254368,-0.025565903203696047
1256,next_slide,0,0,0,0,0,0,1,0,0,0,0.4735273111448934,0.9517779994814316,0.32712188694725064,0.8945271712089842,0.23693225286269326,0.9430079927424558,1,0,0.21716448926002097,-0.013314374247979044
1257,next_slide,0,0,0,0,0,0,1,0,0,0,0.4636121118492115,0.9773383715003179,0.3175563967132403,0.912261208056994,0.24044635552240035,0.9417014141059564,1,0,0.23549207562136534,-0.026551041212297698
1258,next_slide,0,0,0,0,0,0,1,0,0,0,0.4549010662704286,0.9711414191587449,0.3299378396693483,0.9152466553761169,0.23704256331865545,0.9491712902649175,1,0,0.22494886065604916,-0.005987004678520473
1259,next_slide,0,0,0,0,0,0,1,0,0,0,0.470409205077559,0.9780066736240007,0.32617402897652853,0.9103551947114211,0.23775944322735268,0.9503945531067851,1,0,0.2269491309904757,-0.022898766439085932
1260,next_slide,0,0,0,0,0,0,1,0,0,0,0.47317475780880247,0.9749819075329306,0.32379288196199846,0.9077991487983403,0.24046086191644703,0.9359797464232081,1,0,0.23485256246340808,-0.019829080739823257
1261,next_slide,0,0,0,0,0,0,1,0,0,0,0.4753378023385838,0.9513962974209227,0.33463875898251966,0.9073281644139676,0.24869724292781845,0.9436461044824607,1,0,0.23242413230628878,-0.03102831305239645
1262,next_slide,0,0,0,0,0,0,1,0,0,0,0.46236356977414017,0.9898785912774064,0.31640630213816706,0.9101843444246468,0.24679232223942835,0.9559308070032458,1,0,0.22872529230693683,-0.019681300527277394
1263,next_slide,0,0,0,0,0,0,1,0,0,0,0.4865810461416128,0.9741053900702035,0.31954055371799356,0.9168501166072699,0.2486759878575822,0.961461594343948,1,0,0.23263178284202168,-0.03174502784885107
1264,next_slide,0,0,0,0,0,0,1,0,0,0,0.4804211737181154,0.9653955773023226,0.32035284506618605,0.9024106746390541,0.23931867362117437,0.9545954511818928,1,0,0.2300927987893904,-0.019225622513124922
1265,next_slide,0,0,0,0,0,0,1,0,0,0,0.4802634116121758,0.978194614858584,0.3159785082619486,0.9161575787855158,0.24934754430531544,0.942144489378369,1,0,0.23230114162458707,-0.01699160660852001
1266,next_slide,0,0,0,0,0,0,1,0,0,0,0.46497321343282666,0.9855719949529651,0.31673131664801357,0.9094494930669813,0.23844720579964734,0.9520899842801167,1,0,0.2187517403706266,-0.034121395607761555
1267,next_slide,0,0,0,0,0,0,1,0,0,0,0.48010976196550637,0.9677906496599256,0.3100006225486234,0.8912177605303793,0.2347200864124023,0.941380633552205,1,0,0.24065806234687917,-0.014522451832266126
1268,next_slide,0,0,0,0,0,0,1,0,0,0,0.4618485186982848,0.9925858268892266,0.3257858852402066,0.90584623037114,0.21983653467492972,0.9702928924801909,1,0,0.21640536133167945,-0.03576417852266234
1269,next_slide,0,0,0,0,0,0,1,0,0,0,0.47553428491578376,0.9940843596971863,0.32900594389235793,0.9129561543996279,0.2445898151272406,0.9587926763697074,1,0,0.23359336978408232,-0.020351457155252193
1270,next_slide,0,0,0,0,0,0,1,0,0,0,0.4681873302913216,0.974065595423276,0.3119000446333404,0.9061994808242748,0.22628812588035524,0.951178634885107,1,0,0.21961321220858088,-0.03142970308473336
1271,next_slide,0,0,0,0,0,0,1,0,0,0,0.46879287466893443,0.985702358737229,0.3252782941922923,0.8958808766102235,0.2319147553013556,0.9594915214033707,1,0,0.21966204191748173,-0.024398053746983395
1272,next_slide,0,0,0,0,0,0,1,0,0,0,0.47175413825190304,0.9668195848075631,0.3187747653934415,0.8977726774798633,0.2350208392423086,0.9545236073726052,1,0,0.21477799119753485,-0.019077190643324006
1273,next_slide,0,0,0,0,0,0,1,0,0,0,0.46719661906829313,0.9789862600818093,0.3197230744167911,0.9193580048789998,0.24083357641510156,0.948530107570463,1,0,0.22850032109004648,-0.018254604314716094
1274,next_slide,0,0,0,0,0,0,1,0,0,0,0.4677446020223122,0.9748910739761032,0.31231582784181977,0.9031416740988014,0.22861093821952075,0.9659619658449605,1,0,0.21757103518265794,-0.02814423012937446
1275,next_slide,0,0,0,0,0,0,1,0,0,0,0.46160646333515304,0.9817257354620277,0.3155721639179376,0.9184268180205989,0.23444385539996737,0.9541973051972554,1,0,0.22083916463971015,-0.005439795524820091
1276,next_slide,0,0,0,0,0,0,1,0,0,0,0.4578529341074705,0.9770449061282884,0.3230019763917306,0.911755274218821,0.23834947912289664,0.9509267863015975,1,0,0.2278724328416211,-0.02377700456003511
1277,next_slide,0,0,0,0,0,0,1,0,0,0,0.47506475439406587,0.992250524459203,0.3134718270642111,0.8974864576025764,0.23912552400710826,0.9726030266006995,1,0,0.22109254452203037,-0.009488054103454659
1278,next_slide,0,0,0,0,0,0,1,0,0,0,0.48077532797231814,0.9701376345128082,0.32248362597775604,0.9214720544242373,0.23679875846601842,0.9503367090186461,1,0,0.22286849375419907,-0.030719042392550133
1279,next_slide,0,0,0,0,0,0,1,0,0,0,0.4621595010991785,0.9647748183123741,0.31820442909034763,0.9022850955907399,0.2417020676882443,0.9395181867298359,1,0,0.23016898292350388,-0.015932756854135803
1280,next_slide,0,0,0,0,0,0,1,0,0,0,0.45140383631913494,0.9775587930052527,0.32775311328406015,0.8987677532896794,0.2532123594886199,0.9553175039743933,1,0,0.22188184621972093,-0.023047141168268847
1281,next_slide,0,0,0,0,0,0,1,0,0,0,0.4718203367598804,0.9751743835777714,0.32224180928384477,0.9010794926945741,0.24118666698620694,0.9406556359242251,1,0,0.22663213257499862,-0.02983224967872552
1282,next_slide,0,0,0,0,0,0,1,0,0,0,0.46146948191898846,0.9844550858481557,0.32666224230902796,0.9133179864064664,0.23109327827653767,0.9494340843019066,1,0,0.23722672266562167,-0.02146725323788796
1283,next_slide,0,0,0,0,0,0,1,0,0,0,0.48590835777956015,0.9777128831616272,0.31946815427619407,0.9059719497255889,0.24090010763217656,0.9507455932084206,1,0,0.23318681047929693,-0.014947370012650526
1284,next_slide,0,0,0,0,0,0,1,0,0,0,0.461065805775643,0.96391647681801,0.3032421183594474,0.9125088120545093,0.23100484754452733,0.9347422271558451,1,0,0.23063056990203593,-0.0026569924075448732
1285,next_slide,0,0,0,0,0,0,1,0,0,0,0.46730515416738744,0.9812742666420853,0.31858639621265433,0.9076537642136798,0.24718439225782046,0.9496431555459558,1,0,0.22966107957836343,-0.02002740609743909
1286,next_slide,0,0,0,0,0,0,1,0,0,0,0.4620089978305622,0.9825026792427644,0.31653208329071053,0.9023989201632662,0.24412385914248153,0.9447776080451367,1,0,0.22774739032474123,-0.022673940520160828
1287,next_slide,0,0,0,0,0,0,1,0,0,0,0.47604088598635924,0.9783639263095117,0.31773154567431267,0.9149870118328113,0.2509534407860568,0.9564278343502799,1,0,0.22760476202453525,-0.033095678405808474
1288,next_slide,0,0,0,0,0,0,1,0,0,0,0.45883281215510363,0.9721245428116349,0.31305566372699956,0.9069491110153254,0.24028497979309515,0.9562028939343188,1,0,0.22695795084131548,-0.018708975396397584
1289,next_slide,0,0,0,0,0,0,1,0,0,0,0.46786951677818756,0.9587626079156412,0.31041707819372377,0.9072921809934361,0.23015422245118944,0.9567647817394346,1,0,0.2397679477245378,-0.012850893733428665
1290,next_slide,0,0,0,0,0,0,1,0,0,0,0.4656461784922649,0.9864921495412717,0.31912110100189073,0.9057481936702647,0.2349245590855908,0.9495455944075599,1,0,0.2244165265174584,-0.021237658768003296
1291,next_slide,0,0,0,0,0,0,1,0,0,0,0.4686383133081055,0.9745907086076995,0.3214272667022446,0.9179700516374997,0.2474282134774489,0.9400861681518657,1,0,0.20709057198657257,-0.015126429257093009
1292,next_slide,0,0,0,0,0,0,1,0,0,0,0.45641869187238326,0.9727682172313307,0.30857085713579896,0.8940290379385688,0.2441634822195566,0.9580385931818861,1,0,0.22290985785997447,-0.04332932688416648
1293,next_slide,0,0,0,0,0,0,1,0,0,0,0.4629837658736867,0.9777007724896926,0.30610046879408076,0.9099117607974422,0.23970930160053436,0.9565996838962737,1,0,0.22847858401310145,-0.030385540074059643
1294,next_slide,0,0,0,0,0,0,1,0,0,0,0.4769262934730225,0.9732981038622565,0.3177133250281944,0.9009787377666234,0.23628552238438622,0.9448869301872498,1,0,0.22613837258640082,-0.00890732070586845
1295,next_slide,0,0,0,0,0,0,1,0,0,0,0.45637851231625576,0.9616578492634582,0.3297011239642227,0.9067702920219941,0.23447919848463897,0.9602845893986336,1,0,0.2226770167478933,-0.00799291083863171
1296,end,0,0,0,0,0,0,0,1,1,0,0.6859923005104065,0.890931099653244,0.6248273054758707,0.6934260328610738,0.6103478074073792,0.3730902373790741,0,1,0.0,-0.5178408622741699
1297,end,1,0,0,0,0,0,0,0,0,1,0.6239643096923828,0.3585518300533294,0.6189827720324198,0.3565511306126912,0.6153706312179565,0.3567723035812378,1,0,-0.0085936784744262,0.0
1298,end,0,0,0,0,0,0,0,0,0,1,0.6379778683185577,0.3187839388847351,0.6432801286379496,0.3166879117488861,0.6465610265731812,0.3149669170379638,1,0,0.0085831582546234,0.0
1299,end,0,0,0,0,0,0,0,0,0,1,0.6448891758918762,0.3122506439685821,0.6456277370452881,0.3114470541477203,0.6454333364963531,0.3110663443803787,0,1,0.0,-0.0011842995882034
1300,end,0,0,0,0,0,0,0,0,0,1,0.6453092396259308,0.3082444816827774,0.6445021629333496,0.3093126118183136,0.6440818905830383,0.30695541203022,0,1,0.0,-0.0012890696525573
1301,end,0,0,0,0,0,0,0,0,0,1,0.6447366774082184,0.3073309659957886,0.6431619723637899,0.307068665822347,0.641481876373291,0.3052965402603149,1,0,-0.0032548010349273,0.0
1302,end,0,0,0,0,0,0,0,0,0,1,0.5548916757106781,0.5201301872730255,0.5564072728157043,0.5185087521870931,0.5561463832855225,0.5183602273464203,0,1,0.0,-0.0017699599266052
1303,end,0,0,0,0,0,0,0,0,0,1,0.5529786944389343,0.5166245996952057,0.552647332350413,0.5163635412851969,0.5528562963008881,0.5165106952190399,1,0,-0.0001223981380462,0.0
1304,end,0,0,0,0,0,0,0,0,0,1,0.5552125871181488,0.5176199078559875,0.5540410081545512,0.515246570110321,0.5532238185405731,0.515009731054306,0,1,0.0,-0.0026101768016815
1305,end,0,0,0,0,0,0,0,0,0,1,0.550799548625946,0.5145833790302277,0.5505609512329102,0.5144185423851013,0.5505302548408508,0.5146738588809967,1,0,-0.0002692937850952,0.0
1306,end,0,0,0,0,0,0,0,0,0,1,0.5533334016799927,0.5136214792728424,0.5545108318328857,0.5124077796936035,0.5550433993339539,0.5125026106834412,1,0,0.0017099976539611,0.0
1307,end,0,0,0,0,0,0,0,0,0,1,0.3269116878509521,0.4318937510251999,0.3252194126447041,0.4294714728991191,0.323603481054306,0.4300737231969833,1,0,-0.0033082067966461,0.0
1308,end,0,0,0,0,0,0,0,0,0,1,0.3265884965658188,0.4318107664585113,0.3271920680999756,0.4309733211994171,0.328189492225647,0.4325082451105118,1,0,0.0016009956598281,0.0
1309,end,0,0,0,0,0,0,0,0,0,1,0.3249620795249939,0.4281877279281616,0.3239871660868327,0.4278913140296936,0.3238206058740616,0.4295288920402527,0,1,0.0,0.001341164112091
1310,end,0,0,0,0,0,0,0,0,0,1,0.3236803710460663,0.4283569455146789,0.3226839005947113,0.4270414014657338,0.3224871903657913,0.4269557595252991,0,1,0.0,-0.0014011859893798
1311,end,1,0,0,0,0,0,0,0,0,1,0.845578521490097,0.3950821906328201,0.8447533845901489,0.3940457006295522,0.8441502749919891,0.3957109004259109,1,0,-0.0014282464981079,0.0
1312,end,0,0,0,0,0,0,0,0,0,1,0.8454984426498413,0.3904909342527389,0.8454620242118835,0.3909051716327667,0.8461380004882812,0.3929008692502975,0,1,0.0,0.0024099349975585
1313,end,0,0,0,0,0,0,0,0,0,1,0.8439197242259979,0.3941895216703415,0.8429762323697408,0.3926360805829366,0.8436961472034454,0.3933896422386169,0,1,0.0,-0.0007998794317245
1314,end,0,0,0,0,0,0,0,0,0,1,0.8417219817638397,0.3911240547895431,0.8416701356569926,0.3929112752278645,0.8414966762065887,0.3934043496847152,0,1,0.0,0.0022802948951721
1315,end,0,0,0,0,0,0,0,0,0,1,0.8421635925769806,0.3886734694242477,0.8435932199160258,0.3891102075576782,0.8467614948749542,0.3870173394680023,1,0,0.0045979022979736,0.0
1316,end,0,0,0,0,0,0,0,0,0,1,0.6134771108627319,0.2989879995584488,0.6138755480448405,0.2981819311777751,0.6124785542488098,0.2971763014793396,0,1,0.0,-0.0018116980791091
1317,end,0,0,0,0,0,0,0,0,0,1,0.6173063516616821,0.2929811626672745,0.6162123878796896,0.294563353061676,0.6165404915809631,0.293569952249527,1,0,-0.0007658600807189,0.0
1318,end,0,0,0,0,0,0,0,0,0,1,0.6169813573360443,0.2888563424348831,0.618608832359314,0.2887902061144511,0.6193479299545288,0.2850514054298401,0,1,0.0,-0.003804937005043
1319,end,0,0,0,0,0,0,0,0,0,1,0.617340087890625,0.2842518538236618,0.6153524120648702,0.2841042677561442,0.6140455007553101,0.284657821059227,1,0,-0.0032945871353149,0.0
1320,end,0,0,0,0,0,0,0,0,0,1,0.6174096763134003,0.2841073423624038,0.6194802323977152,0.2839802205562591,0.6221403777599335,0.2836343348026275,1,0,0.0047307014465332,0.0
1321,end,0,0,0,0,0,0,1,1,1,1,0.4987753629684448,0.6670080423355103,0.5037676592667898,0.7807537714640299,0.4914683848619461,0.7857294678688049,0,1,0.0,0.1187214255332946
1322,end,0,0,0,0,0,0,0,0,0,0,0.601162850856781,0.7895396649837494,0.6076305111249288,0.7950061957041422,0.4524916261434555,0.8267447054386139,1,0,-0.1486712247133255,0.0
1323,end,1,0,0,0,0,0,0,0,0,1,0.5790082812309265,0.5104408264160156,0.5800166527430216,0.5109507838884989,0.5789750814437866,0.5136205852031708,0,1,0.0,0.0031797587871551
1324,end,1,0,0,0,0,0,0,0,0,1,0.5781338512897491,0.5124836266040802,0.5787775119145712,0.5134783784548441,0.5796753764152527,0.5134848952293396,1,0,0.0015415251255035,0.0
1325,end,1,0,0,0,0,0,0,0,0,1,0.581149697303772,0.5141512155532837,0.5810334086418152,0.5138982137044271,0.5815112292766571,0.514537125825882,0,1,0.0,0.0003859102725982
1326,end,1,0,0,0,0,0,0,0,0,1,0.5829536616802216,0.5157148241996765,0.5823551217714945,0.5155382553736368,0.5818895101547241,0.5153940916061401,1,0,-0.0010641515254974,0.0
1327,end,1,0,0,0,0,0,0,0,0,1,0.5248032808303833,0.616571307182312,0.5250619451204935,0.6174523035685221,0.5242956578731537,0.6173721551895142,0,1,0.0,0.0008008480072021
1328,end,1,0,0,0,0,0,0,0,0,1,0.5227681398391724,0.6202152669429779,0.5214246312777201,0.617718497912089,0.5211542844772339,0.6190548837184906,1,0,-0.0016138553619384,0.0
1329,end,1,0,0,0,0,0,0,0,0,1,0.5202241241931915,0.6211742460727692,0.519304613272349,0.6194735765457153,0.5203157365322113,0.6206153631210327,0,1,0.0,-0.0005588829517364
1330,end,1,0,0,0,0,0,0,0,0,1,0.5200597047805786,0.6211944818496704,0.5193752845128378,0.6212037801742554,0.5196537375450134,0.621915876865387,0,1,0.0,0.0007213950157165
1331,end,1,0,0,0,0,0,0,0,0,1,0.5195787250995636,0.6229195296764374,0.5189801255861918,0.6223315795262655,0.5188677906990051,0.6216818988323212,0,1,0.0,-0.0012376308441162
1332,end,1,0,0,0,0,0,0,0,0,1,0.5157850384712219,0.6209505200386047,0.5154745777448019,0.6214090387026469,0.5151735246181488,0.6203285753726959,0,1,0.0,-0.0006219446659088
1333,end,0,0,0,0,0,0,0,0,0,1,0.2706644386053085,0.5803057849407196,0.269279420375824,0.5805079142252604,0.267783522605896,0.5827452540397644,1,0,-0.0028809159994125,0.0
1334,end,1,0,0,0,0,0,0,0,0,1,0.2659685760736465,0.582928866147995,0.265689621369044,0.5832428733507792,0.2658102810382843,0.5838726162910461,0,1,0.0,0.0009437501430511
1335,end,1,0,0,0,0,0,0,0,0,1,0.261802926659584,0.5843014419078827,0.2606665988763173,0.5845227241516113,0.259821817278862,0.5829730033874512,1,0,-0.001981109380722,0.0
1336,end,1,0,0,0,0,0,0,0,0,1,0.2557501494884491,0.5834210515022278,0.2560788293679555,0.5843405922253927,0.255929172039032,0.5832567512989044,1,0,0.0001790225505828,0.0
1337,end,1,0,0,0,0,0,0,0,0,1,0.2556648403406143,0.5830918848514557,0.255325843890508,0.5821219285329183,0.2549707144498825,0.5823370218276978,0,1,0.0,-0.0007548630237579
1338,end,0,0,0,0,0,0,0,0,0,1,0.7899667024612427,0.5777289569377899,0.7892058690388998,0.5785036484400431,0.7891225218772888,0.5795566439628601,0,1,0.0,0.0018276870250701
1339,end,1,0,0,0,0,0,0,0,0,1,0.7911359369754791,0.5771306455135345,0.7908794085184733,0.5774836937586466,0.7914915680885315,0.5786783993244171,0,1,0.0,0.0015477538108825
1340,end,0,0,0,0,0,0,0,0,0,1,0.7940748929977417,0.5802350640296936,0.7937287092208862,0.5801925261815389,0.7931467294692993,0.5813944041728973,0,1,0.0,0.0011593401432037
1341,end,1,0,0,0,0,0,0,0,0,1,0.7915699481964111,0.5812288224697113,0.7905131975809733,0.5795873204867045,0.7896138727664948,0.5788836479187012,0,1,0.0,-0.0023451745510101
1342,end,0,0,0,0,0,0,0,0,0,1,0.7883239686489105,0.5803249180316925,0.7863600254058838,0.5797585646311442,0.7857582867145538,0.5796317458152771,1,0,-0.0025656819343566,0.0
1343,end,0,0,0,0,0,0,0,0,0,1,0.5587680339813232,0.4724321663379669,0.5590904951095581,0.4742057422796885,0.5551444590091705,0.4754463732242584,1,0,-0.0036235749721527,0.0
1344,end,0,0,0,0,0,0,0,0,0,1,0.5518321096897125,0.4769953787326813,0.5532337029774984,0.4785666863123576,0.5534346997737885,0.475249633193016,0,1,0.0,-0.0017457455396652
1345,end,1,0,0,0,0,0,0,0,0,1,0.5511166751384735,0.4759314358234405,0.5496185024579366,0.4745814899603526,0.5492086112499237,0.4764241725206375,1,0,-0.0019080638885498,0.0
1346,end,1,0,0,0,0,0,0,0,0,1,0.5478591322898865,0.4756279438734054,0.5461675326029459,0.4773127337296803,0.5473472774028778,0.4763694107532501,0,1,0.0,0.0007414668798446
1347,end,1,0,0,0,0,0,0,0,0,1,0.5725575983524323,0.4795746058225631,0.5689591765403748,0.4820561707019806,0.5650237798690796,0.479871541261673,1,0,-0.0075338184833526,0.0
1348,end,0,0,0,0,0,0,0,0,0,1,0.6301006078720093,0.298947274684906,0.6288968125979105,0.297209878762563,0.6287751495838165,0.2989216148853302,1,0,-0.0013254582881927,0.0
1349,end,1,1,0,0,0,0,0,0,0,1,0.6283757984638214,0.296084314584732,0.626654326915741,0.2939807772636413,0.6273780167102814,0.2956836372613907,1,0,-0.00099778175354,0.0
1350,end,1,0,0,0,0,0,0,0,0,1,0.6237205862998962,0.2897434681653976,0.6208117008209229,0.2900221049785614,0.6217420697212219,0.2900715470314026,1,0,-0.0019785165786743,0.0
1351,end,1,0,0,0,0,0,0,0,0,1,0.6240026950836182,0.2891527414321899,0.622002124786377,0.2896790504455566,0.6210253238677979,0.2893630564212799,1,0,-0.0029773712158203,0.0
1352,end,1,0,0,0,0,0,0,0,0,1,0.6218706667423248,0.2880707830190658,0.6228150328000387,0.2890628278255462,0.6230103373527527,0.2891707569360733,1,0,0.0011396706104278,0.0
1353,end,0,0,0,0,0,1,0,0,0,1,0.5502238273620605,0.4972967654466629,0.5493352015813192,0.4971467753251393,0.5499076843261719,0.4976851493120193,0,1,0.0,0.0003883838653564
1354,end,1,0,0,0,0,1,0,0,0,1,0.5520452260971069,0.4979618042707443,0.5518547892570496,0.4987272222836812,0.5540636479854584,0.4982894212007522,1,0,0.0020184218883514,0.0
1355,end,1,0,0,0,0,0,0,0,0,1,0.5540633797645569,0.498309388756752,0.5539145867029825,0.4968516826629638,0.5541329085826874,0.4978839755058288,0,1,0.0,-0.0004254132509231
1356,end,1,0,0,0,0,1,0,0,0,1,0.5548662543296814,0.4987427890300751,0.5544362664222717,0.4986895024776459,0.5545842051506042,0.4991469085216522,0,1,0.0,0.0004041194915771
1357,end,0,0,0,0,0,1,0,0,0,1,0.5543508231639862,0.4984944015741348,0.5546971956888834,0.4996691048145294,0.5550546646118164,0.500017449259758,0,1,0.0,0.0015230476856231
1358,end,1,0,0,0,0,0,0,0,0,1,0.3122624158859253,0.4271352440118789,0.3086572786172231,0.4261518220106761,0.3039565831422806,0.4243536293506622,1,0,-0.0083058327436447,0.0
1359,end,1,0,0,0,0,1,0,0,0,1,0.3043577373027801,0.4235303699970245,0.3015553851922353,0.4217546880245209,0.3010263741016388,0.4220879226922989,1,0,-0.0033313632011413,0.0
1360,end,1,0,0,0,0,1,0,0,0,1,0.3000195026397705,0.4226484894752502,0.2989790737628937,0.4213792383670807,0.299657255411148,0.4209667295217514,0,1,0.0,-0.0016817599534988
1361,end,1,0,0,0,0,0,0,0,0,1,0.3173841089010238,0.4243532121181488,0.3165666262308756,0.4242324233055115,0.3168129473924637,0.4239357262849808,1,0,-0.0005711615085601,0.0
1362,end,0,0,0,0,0,0,0,0,0,1,0.3167993426322937,0.4241765290498733,0.3139281968275706,0.4228001137574513,0.3148114830255508,0.422880083322525,1,0,-0.0019878596067428,0.0
1363,end,1,0,0,0,0,1,0,0,0,1,0.8165680468082428,0.4223546832799911,0.817389965057373,0.4227824906508128,0.8176838457584381,0.4226735383272171,1,0,0.0011157989501953,0.0
1364,end,0,0,0,0,0,1,0,0,0,1,0.8212700486183167,0.4215864539146423,0.8217153946558634,0.4211726387341817,0.8218879699707031,0.4211772382259369,1,0,0.0006179213523864,0.0
1365,end,1,0,0,0,0,1,0,0,0,1,0.8214596509933472,0.4207545220851898,0.8205357591311137,0.4206542372703552,0.8194674849510193,0.4217314720153808,1,0,-0.0019921660423278,0.0
1366,end,1,0,0,0,0,0,0,0,0,1,0.8177838027477264,0.4208802282810211,0.8189665873845419,0.4208440581957499,0.8202483654022217,0.4198387712240219,1,0,0.0024645626544952,0.0
1367,end,1,0,0,0,0,0,0,0,0,1,0.8203100562095642,0.417654424905777,0.8194787899653116,0.4175866246223449,0.8186883926391602,0.4187106639146805,1,0,-0.001621663570404,0.0
1368,end,1,0,0,0,0,0,0,0,0,1,0.6307023167610168,0.2720761597156524,0.6297157406806946,0.2710842490196228,0.6315228641033173,0.2720681875944137,1,0,0.0008205473423004,0.0
1369,end,1,0,0,0,0,0,0,0,0,1,0.6313625872135162,0.2697409242391586,0.6306259632110596,0.2671510378519694,0.6298732459545135,0.2672493904829025,0,1,0.0,-0.0024915337562561
1370,end,1,0,0,0,0,0,0,0,0,1,0.6307621598243713,0.2654730081558227,0.6281286875406901,0.265372355779012,0.629107803106308,0.2696437686681747,0,1,0.0,0.0041707605123519
1371,end,1,0,0,0,0,0,0,0,0,1,0.6254211962223053,0.2687354683876037,0.6234972278277079,0.2664459745089213,0.6242798566818237,0.2684401869773865,1,0,-0.0011413395404815,0.0
1372,end,1,0,0,0,0,0,0,0,0,1,0.6245080828666687,0.2697355449199676,0.625284751256307,0.2724624375502268,0.6253680884838104,0.270150825381279,1,0,0.0008600056171417,0.0
1373,end,0,0,0,0,0,0,0,0,0,1,0.6281185746192932,0.4934581369161606,0.6264416972796122,0.489627460638682,0.616954505443573,0.4894087612628937,1,0,-0.0111640691757202,0.0
1374,end,1,0,0,0,1,0,0,0,0,1,0.6193574965000153,0.4922126680612564,0.6223736604054769,0.498153418302536,0.6215992569923401,0.4987471103668213,0,1,0.0,0.0065344423055648
1375,end,1,0,0,0,0,0,0,0,0,1,0.6215579509735107,0.5093169808387756,0.6222893198331197,0.5022106170654297,0.6208503544330597,0.5055103898048401,0,1,0.0,-0.0038065910339355
1376,end,0,0,0,0,0,0,0,0,0,1,0.6214132606983185,0.5138397812843323,0.619046131769816,0.5113490223884583,0.6212704181671143,0.5104341208934784,0,1,0.0,-0.0034056603908538
1377,end,1,0,0,0,0,0,0,0,0,1,0.617415577173233,0.5078089833259583,0.6192045211791992,0.5120461781819662,0.6191198527812958,0.5079022347927094,1,0,0.0017042756080627,0.0
1378,end,1,0,0,0,0,0,0,0,0,1,0.5734566748142242,0.6121902167797089,0.5663174390792847,0.6232123970985413,0.5710222125053406,0.6095430254936218,0,1,0.0,-0.002647191286087
1379,end,0,0,0,0,0,0,0,0,0,1,0.5699497759342194,0.6131715774536133,0.5681213140487671,0.6118587652842203,0.5686502754688263,0.6111575663089752,0,1,0.0,-0.002014011144638
1380,end,1,0,0,0,0,0,0,0,0,1,0.5647254884243011,0.6123556792736053,0.5641036828358968,0.6141108075777689,0.5644001960754395,0.6140154004096985,0,1,0.0,0.0016597211360931
1381,end,1,0,0,0,0,0,0,0,0,1,0.5609014332294464,0.6131113767623901,0.5620353023211161,0.6158579389254252,0.5609562695026398,0.6130057275295258,0,1,0.0,-0.0001056492328643
1382,end,0,0,0,0,0,1,0,0,0,1,0.5585162937641144,0.6146554052829742,0.5582337776819865,0.615565836429596,0.5600031018257141,0.6113317906856537,0,1,0.0,-0.0033236145973205
1383,end,0,0,0,0,0,1,0,1,1,1,0.6345471739768982,0.762654721736908,0.5793107151985168,0.7418904900550842,0.5264634490013123,0.7334754467010498,1,0,-0.1080837249755859,0.0
1384,end,1,0,0,0,0,0,0,0,0,1,0.3643889427185058,0.5690502524375916,0.3669870893160502,0.5719797213872274,0.3627785146236419,0.5724702179431915,0,1,0.0,0.0034199655055999
1385,end,1,0,0,0,0,0,0,0,0,1,0.3625246435403824,0.5794824957847595,0.3596763908863067,0.5838039914766947,0.3584437072277069,0.5784816443920135,1,0,-0.0040809363126754,0.0
1386,end,1,0,0,0,0,0,0,0,0,1,0.3597421944141388,0.5842129290103912,0.3589079976081848,0.5831882158915201,0.358039453625679,0.5794315338134766,0,1,0.0,-0.0047813951969146
1387,end,1,0,0,0,0,0,0,0,0,1,0.3566357791423797,0.5835851728916168,0.3554493188858032,0.5824875235557556,0.3549492210149765,0.579104483127594,0,1,0.0,-0.0044806897640228
1388,end,0,0,0,0,0,1,0,0,0,1,0.8377178907394409,0.5697679221630096,0.8431053757667542,0.5729321638743082,0.8390440344810486,0.5723553001880646,0,1,0.0,0.0025873780250549
1389,end,0,0,0,0,0,1,0,0,0,1,0.838375449180603,0.5728196203708649,0.8393433690071106,0.575929323832194,0.8420611023902893,0.5755413472652435,1,0,0.0036856532096862,0.0
1390,end,1,0,0,0,0,1,0,0,0,1,0.8438512682914734,0.5712107717990875,0.8427166938781738,0.5746739308039347,0.8406685590744019,0.5736145973205566,1,0,-0.0031827092170715,0.0
1391,end,0,0,0,0,0,1,0,0,0,1,0.8367343246936798,0.577014297246933,0.838063637415568,0.5733428796132406,0.838434487581253,0.5742076933383942,0,1,0.0,-0.0028066039085388
1392,end,1,0,0,0,0,1,0,0,0,1,0.8411840796470642,0.569942444562912,0.8380180398623148,0.5701008041699728,0.8374150991439819,0.5686604380607605,1,0,-0.0037689805030822,0.0
1393,end,1,0,0,0,0,0,0,0,0,1,0.5666961073875427,0.551150918006897,0.5697622497876486,0.5532369613647461,0.5702550411224365,0.5537548959255219,1,0,0.0035589337348937,0.0
1394,end,1,1,0,0,0,0,0,0,0,1,0.5707737803459167,0.5547171831130981,0.5713829000790914,0.5603150526682535,0.5752618908882141,0.5626488327980042,0,1,0.0,0.007931649684906
1395,end,1,0,0,0,0,0,0,0,0,1,0.5772179663181305,0.5586121082305908,0.5758737921714783,0.5564737319946289,0.5756422281265259,0.5481679737567902,0,1,0.0,-0.0104441344738006
1396,end,0,0,0,0,0,1,0,0,0,1,0.5714320540428162,0.545769453048706,0.5725756287574768,0.544175942738851,0.5745438635349274,0.5427854061126709,1,0,0.0031118094921112,0.0
1397,end,0,0,0,0,0,0,0,0,0,1,0.5756297707557678,0.5444658398628235,0.5748895009358724,0.5427985787391663,0.573018342256546,0.5459297001361847,1,0,-0.0026114284992218,0.0
1398,end,0,0,0,0,0,0,0,0,0,1,0.6209422051906586,0.3559731394052505,0.6197205185890198,0.3610099653402964,0.6191311478614807,0.370586410164833,0,1,0.0,0.0146132707595825
1399,end,0,0,0,0,0,0,0,0,0,1,0.6181657910346985,0.3769137859344482,0.6181703805923462,0.3763533135255177,0.6168360114097595,0.3768568485975265,1,0,-0.0013297796249389,0.0
1400,end,0,0,0,0,0,0,0,0,0,1,0.6154406070709229,0.3706297427415848,0.6143499414126078,0.3710240523020426,0.6147361099720001,0.3712120354175567,1,0,-0.0007044970989227,0.0
1401,end,0,0,0,0,0,0,0,0,0,1,0.6092364192008972,0.367792934179306,0.6075116395950317,0.3673333426316579,0.6060892343521118,0.3678373992443084,1,0,-0.0031471848487854,0.0
1402,end,0,0,0,0,0,0,0,0,0,1,0.6076933443546295,0.366279199719429,0.6097934246063232,0.366207202275594,0.6121106445789337,0.3704042583703995,1,0,0.0044173002243041,0.0
1403,end,0,0,0,0,0,0,0,0,0,1,0.5419605672359467,0.5271534323692322,0.5426003535588583,0.528371254603068,0.5434996783733368,0.5280889570713043,1,0,0.0015391111373901,0.0
1404,end,0,0,0,0,0,0,0,0,0,1,0.5440275371074677,0.527553915977478,0.5443346301714579,0.528083602587382,0.5449739396572113,0.5276738703250885,1,0,0.0009464025497436,0.0
1405,end,0,0,0,0,0,0,0,0,0,1,0.5451472699642181,0.528705507516861,0.5449345509211222,0.5291825532913208,0.5441716909408569,0.5292443335056305,1,0,-0.0009755790233612,0.0
1406,end,0,0,0,0,0,0,0,0,0,1,0.5439253151416779,0.528992235660553,0.5425800681114197,0.5284320910771688,0.5418938994407654,0.5281497240066528,1,0,-0.0020314157009124,0.0
1407,end,0,0,0,0,0,0,0,0,0,1,0.5391485691070557,0.5288979411125183,0.5398120681444804,0.5282073219617208,0.5402513444423676,0.5285988748073578,1,0,0.0011027753353118,0.0
1408,end,0,0,0,0,0,0,0,0,0,1,0.3267061561346054,0.4752465933561325,0.3278281887372334,0.4745125472545624,0.3278622478246689,0.4774633347988128,0,1,0.0,0.0022167414426803
1409,end,1,0,0,0,0,0,0,0,0,1,0.3228131383657455,0.4799160212278366,0.3213485578695933,0.4793983995914459,0.320647582411766,0.4788804203271866,1,0,-0.0021655559539794,0.0
1410,end,1,0,0,0,0,0,0,0,0,1,0.3196009844541549,0.4750561863183975,0.3195825020472209,0.4757056037584941,0.3198042064905166,0.4758974313735962,0,1,0.0,0.0008412450551986
1411,end,0,0,0,0,0,0,0,0,0,1,0.3192410320043564,0.4739673733711242,0.3176988661289215,0.4735373556613922,0.3169168084859848,0.4747408032417297,1,0,-0.0023242235183715,0.0
1412,end,1,0,0,0,0,0,0,0,0,1,0.3149709701538086,0.4744559824466705,0.314158171415329,0.4739080667495727,0.3153630495071411,0.4760457724332809,0,1,0.0,0.0015897899866104
1413,end,1,0,0,0,0,0,0,0,0,1,0.834364265203476,0.464693084359169,0.8353735208511353,0.4645913441975911,0.8381358981132507,0.4638140499591827,1,0,0.0037716329097747,0.0
1414,end,0,0,0,0,0,0,0,0,0,1,0.8329587280750275,0.4667887389659881,0.8312714894612631,0.466760794321696,0.8307803273200989,0.465170294046402,1,0,-0.0021784007549285,0.0
1415,end,0,0,0,0,0,0,0,0,0,1,0.8326696157455444,0.4619715511798858,0.8326408863067627,0.4623529016971588,0.830528974533081,0.4624078422784805,1,0,-0.0021406412124633,0.0
1416,end,0,0,0,0,0,0,0,0,0,1,0.8261748850345612,0.4600444287061691,0.8259738286336263,0.4576212863127391,0.8262448012828827,0.4573120474815368,0,1,0.0,-0.0027323812246322
1417,end,0,0,0,0,0,0,0,0,0,1,0.8264264464378357,0.4569373726844787,0.827599028746287,0.4557789862155914,0.8288405537605286,0.4543528705835342,0,1,0.0,-0.0025845021009445
1418,end,0,0,0,0,0,0,0,0,0,1,0.6164195537567139,0.3876185119152069,0.6153155565261841,0.3895047803719838,0.6147052049636841,0.3886941820383072,1,0,-0.0017143487930297,0.0
1419,end,0,0,0,0,0,0,0,0,0,1,0.6195181608200073,0.3898317366838455,0.6196652253468832,0.3870155115922292,0.6187638640403748,0.3907811641693115,0,1,0.0,0.000949427485466
1420,end,0,0,0,0,0,0,0,0,0,1,0.619857907295227,0.3914017081260681,0.6219596068064371,0.3897907237211863,0.6218616962432861,0.3924260437488556,1,0,0.002003788948059,0.0
1421,end,0,0,0,0,0,0,0,0,0,1,0.6261587738990784,0.3890739977359772,0.6260026892026266,0.3870116869608561,0.624056488275528,0.3864122331142425,0,1,0.0,-0.0026617646217346
1422,end,0,0,0,0,0,0,0,0,0,1,0.6241952478885651,0.3812789022922516,0.6246594587961832,0.3806239465872447,0.6240040957927704,0.384806752204895,0,1,0.0,0.0035278499126434
